id,arrival,start_service,finish,waiting,service
1,0.14518451436852475,0.14518451436852475,4.1969762269237405,0.0,4.051791712555215
3,1.5490648267819074,4.1969762269237405,4.759402430483645,2.647911400141833,0.5624262035599046
4,1.6242796925312217,4.759402430483645,5.7375459744000326,3.135122737952423,0.9781435439163875
2,0.5941831542903504,0.5941831542903504,9.54669598542591,0.0,8.952512831135559
5,1.6911000709069648,5.7375459744000326,11.328337447287968,4.046445903493067,5.590791472887934
7,4.377930221620456,11.328337447287968,11.810578965495091,6.950407225667512,0.4822415182071236
6,2.2989039524296317,9.54669598542591,15.291667473315158,7.247792032996278,5.744971487889249
8,5.16494279700802,11.810578965495091,16.517423423642533,6.645636168487071,4.706844458147442
9,7.0099944106308705,15.291667473315158,18.674432403960466,8.281673062684288,3.382764930645307
11,8.971101890809111,18.674432403960466,19.44929270825323,9.703330513151355,0.7748603042927636
10,7.828990220943469,16.517423423642533,21.07625051548833,8.688433202699064,4.558827091845795
13,12.68652755464513,21.07625051548833,23.481795145024286,8.3897229608432,2.4055446295359566
12,11.919179488079832,19.44929270825323,24.014168592022035,7.530113220173396,4.5648758837688055
14,16.069014420480464,23.481795145024286,24.025458102463684,7.412780724543822,0.5436629574393987
15,18.14316642520691,24.014168592022035,28.094469377171468,5.871002166815124,4.080300785149434
17,25.45645888639873,28.094469377171468,28.876185423082678,2.6380104907727393,0.7817160459112089
16,22.458520156865283,24.025458102463684,31.068918179385996,1.5669379455984007,7.043460076922313
19,26.85595179780316,31.068918179385996,32.14353496898959,4.212966381582834,1.0746167896035952
20,27.57174714247525,32.14353496898959,32.59992702584355,4.571787826514342,0.4563920568539549
18,26.338997953649585,28.876185423082678,32.97292806444871,2.5371874694330927,4.09674264136603
21,29.066330171566218,32.59992702584355,33.215703846836355,3.533596854277331,0.6157768209928063
22,29.973500123225932,32.97292806444871,33.41442045319662,2.999427941222777,0.4414923887479078
24,33.50064850325357,33.50064850325357,33.826818952978535,0.0,0.32617044972496095
25,34.547861690473496,34.547861690473496,34.918528653991714,0.0,0.3706669635182168
23,32.606843734849136,33.215703846836355,36.533909841303775,0.6088601119872195,3.3182059944674185
27,36.60907362518617,36.60907362518617,36.667083877575706,0.0,0.05801025238953834
28,37.028705340760354,37.028705340760354,37.62536152523821,0.0,0.5966561844778564
26,35.02482413816678,35.02482413816678,41.03782298706696,0.0,6.0129988489001835
29,39.526657099378426,39.526657099378426,41.632638923319604,0.0,2.105981823941177
30,39.83441009316409,41.03782298706696,42.81043806160817,1.2034128939028719,1.772615074541206
31,40.44787524447751,41.632638923319604,43.04550611036385,1.1847636788420957,1.412867187044247
33,41.62165226663721,43.04550611036385,44.27634827022725,1.42385384372664,1.2308421598634005
34,42.259181189225714,44.27634827022725,45.06480686476246,2.0171670810015385,0.7884585945352041
35,43.2109131723922,45.06480686476246,45.15393113284841,1.8538936923702565,0.08912426808595145
36,45.35268621772801,45.35268621772801,45.43352304300378,0.0,0.08083682527577561
32,41.075350408403665,42.81043806160817,50.02804880710039,1.735087653204502,7.217610745492222
38,48.860039698791745,50.02804880710039,51.30902797865867,1.1680091083086452,1.2809791715582814
37,46.14560779296951,46.14560779296951,54.048696026386686,0.0,7.9030882334171775
39,49.36715413961523,51.30902797865867,57.77086063993992,1.9418738390434385,6.4618326612812504
40,50.35826885149527,54.048696026386686,58.49898784609349,3.6904271748914184,4.450291819706804
41,52.96197822449703,57.77086063993992,58.81740118919132,4.808882415442888,1.0465405492514062
43,54.970819902879676,58.81740118919132,59.17131834911615,3.846581286311647,0.3539171599248232
42,54.56609776792658,58.49898784609349,59.55354137411123,3.9328900781669134,1.0545535280177345
45,58.043182063739444,59.55354137411123,60.34576162583709,1.5103593103717827,0.7922202517258635
44,56.365628688018994,59.17131834911615,60.42916231680061,2.805689661097155,1.2578439676844602
46,60.053590672544495,60.34576162583709,60.771370810053085,0.29217095329259735,0.42560918421599
48,62.89373798824384,62.89373798824384,63.70706079123775,0.0,0.8133228029939105
47,62.014091189412945,62.014091189412945,66.66370435715466,0.0,4.64961316774171
49,64.48911558625039,64.48911558625039,68.2341788595861,0.0,3.7450632733356963
51,73.48105063571381,73.48105063571381,74.21737819306495,0.0,0.7363275573511344
50,71.6394745738439,71.6394745738439,76.0966959725178,0.0,4.457221398673898
53,75.43915175120722,76.0966959725178,76.60011301472568,0.6575442213105731,0.5034170422078846
54,76.8456475311067,76.8456475311067,77.41577867996051,0.0,0.5701311488538077
52,75.13416295030062,75.13416295030062,85.30431062078861,0.0,10.170147670487987
55,84.43925400786016,84.43925400786016,85.79829174094955,0.0,1.359037733089396
57,85.43671085657867,85.79829174094955,86.2906595967238,0.36158088437088054,0.49236785577425035
56,84.54046538023812,85.30431062078861,88.11292420429845,0.763845240550495,2.8086135835098327
59,89.13345635257599,89.13345635257599,89.13913243655077,0.0,0.005676083974781983
60,89.34529285913138,89.34529285913138,89.67536365214794,0.0,0.3300707930165542
61,92.35980967835778,92.35980967835778,92.38135596700842,0.0,0.021546288650634477
62,92.62882153096564,92.62882153096564,92.9660453463227,0.0,0.33722381535706164
63,93.42754967506838,93.42754967506838,93.87754677866045,0.0,0.44999710359206135
58,88.75431647681815,88.75431647681815,95.32752929333614,0.0,6.573212816518
64,93.90866461206957,93.90866461206957,95.8012633013162,0.0,1.8925986892466324
65,94.23276195823995,95.32752929333614,97.49186453203109,1.0947673350961935,2.1643352386949437
66,96.16702984650058,96.16702984650058,98.84874168704518,0.0,2.6817118405445974
68,96.8923520036099,98.84874168704518,99.15909207194188,1.956389683435276,0.3103503848967013
67,96.5560961327119,97.49186453203109,99.31704948506805,0.935768399319187,1.8251849530369626
69,98.08876651654529,99.15909207194188,99.94158737795486,1.0703255553965931,0.7824953060129726
70,98.13494747971596,99.31704948506805,102.7599958749123,1.1821020053520925,3.442946389844247
71,99.14853418525063,99.94158737795486,103.70141146085246,0.7930531927042352,3.7598240828975897
72,101.42016715937558,102.7599958749123,104.50746825107456,1.3398287155367257,1.7474723761622444
73,102.27934723024107,103.70141146085246,105.700297939712,1.422064230611383,1.9988864788595422
75,102.83498163616316,105.700297939712,106.40570354693948,2.8653163035488376,0.7054056072274829
74,102.47635628895546,104.50746825107456,108.12701539060686,2.0311119621190983,3.619547139532297
77,105.70610449261844,108.12701539060686,108.70514888845277,2.4209108979884206,0.5781334978459113
76,103.24590422882913,106.40570354693948,109.0741082136799,3.1597993181103448,2.6684046667404293
78,105.71982272656982,108.70514888845277,113.00595422466527,2.985326161882952,4.300805336212508
79,105.72112288977493,109.0741082136799,114.03246749788106,3.3529853239049743,4.95835928420115
80,106.90267896774559,113.00595422466527,114.20550829314303,6.103275256919687,1.199554068477756
81,107.78743333649001,114.03246749788106,116.25419996023392,6.245034161391047,2.221732462352857
82,107.84262515816941,114.20550829314303,116.78955568769958,6.362883134973615,2.584047394556552
83,109.05298426191241,116.25419996023392,117.57016105421228,7.201215698321505,1.3159610939783586
84,109.60471324342876,116.78955568769958,117.57853928547893,7.184842444270814,0.788983597779345
85,109.72300600276935,117.57016105421228,119.24456143697863,7.847155051442925,1.6744003827663476
87,114.22038694416149,119.24456143697863,120.02958699922522,5.024174492817139,0.7850255622465895
88,114.24421830744156,120.02958699922522,121.47093990083644,5.78536869178366,1.4413529016112299
86,112.25383464141761,117.57853928547893,121.528541912876,5.324704644061313,3.950002627397065
89,114.91417302193354,121.47093990083644,122.4262048280379,6.556766878902906,0.9552649272014557
90,115.60744575510695,121.528541912876,122.5393139388122,5.921096157769043,1.010772025936208
92,116.32372865155169,122.5393139388122,123.24194742406921,6.2155852872605095,0.7026334852570033
91,116.08562550397437,122.4262048280379,123.93713425398066,6.340579324063526,1.5109294259427646
93,118.58928482329404,123.24194742406921,124.39638883475001,4.652662600775173,1.154441410680799
94,120.2982317563385,123.93713425398066,125.19494559937944,3.638902497642164,1.2578113453987738
96,122.80449723968039,125.19494559937944,125.21639322200312,2.3904483596990502,0.021447622623679562
95,120.85732149555938,124.39638883475001,125.47626301122635,3.5390673391906375,1.0798741764763347
98,126.62995559203662,126.62995559203662,127.51635863490019,0.0,0.8864030428635603
97,123.70432765275488,125.21639322200312,129.68568167176602,1.5120655692482359,4.469288449762907
99,127.55807931536204,127.55807931536204,130.31364777436235,0.0,2.7555684590003016
100,128.29984972160915,129.68568167176602,130.40371368558442,1.38583195015687,0.7180320138184052
101,129.23022820705714,130.31364777436235,136.05370484236627,1.0834195673052136,5.740057068003911
103,130.9527195857559,136.05370484236627,136.2248840901133,5.100985256610386,0.17117924774704654
104,135.20955339033924,136.2248840901133,137.98770311323625,1.0153306997740685,1.7628190231229313
105,135.5964441339181,137.98770311323625,138.5280282923459,2.3912589793181382,0.5403251791096665
102,130.01788284046393,130.40371368558442,139.46550285139202,0.3858308451204948,9.061789165807596
106,137.28247102349465,138.5280282923459,139.70918706491616,1.2455572688512575,1.1811587725702442
108,138.90696189744185,139.70918706491616,141.3926318847846,0.8022251674743188,1.683444819868449
107,138.87393954100827,139.46550285139202,141.56011472664653,0.5915633103837479,2.094611875254503
109,140.565163220098,141.3926318847846,142.07434878253204,0.8274686646866201,0.6817168977474323
110,142.0045593670319,142.0045593670319,142.15276095435757,0.0,0.1482015873256712
112,144.3938813476681,144.3938813476681,145.25112080988853,0.0,0.8572394622204408
113,145.64241361747028,145.64241361747028,146.5882602708736,0.0,0.9458466534033149
111,142.86338558533444,142.86338558533444,146.62529927471266,0.0,3.7619136893782117
114,145.7867135011457,146.5882602708736,147.4246714051507,0.8015467697279064,0.8364111342770779
115,146.17691579662832,146.62529927471266,148.13290506544396,0.4483834780843381,1.5076057907312954
117,148.9546825731233,148.9546825731233,151.77241427046582,0.0,2.817731697342512
116,147.59010033257033,147.59010033257033,152.00847563412879,0.0,4.418375301558445
118,148.96123894075026,151.77241427046582,152.07139616484636,2.811175329715553,0.29898189438053446
119,148.968196913773,152.00847563412879,152.1484792301818,3.0402787203557864,0.14000359605302282
121,153.09547815950734,153.09547815950734,153.63092756688914,0.0,0.5354494073817941
122,153.1450384359077,153.63092756688914,156.54739712751936,0.48588913098143394,2.9164695606302105
120,150.16120934209985,152.07139616484636,157.2651097710738,1.9101868227465104,5.193713606227447
123,153.56695474705,156.54739712751936,157.2982340653389,2.9804423804693556,0.7508369378195452
125,154.79517191787963,157.2982340653389,158.37510216680528,2.503062147459275,1.0768681014663852
126,155.63873794802652,158.37510216680528,159.51900878252525,2.7363642187787605,1.1439066157199727
124,154.72731774890525,157.2651097710738,160.28888070443733,2.53779202216856,3.0237709333635205
127,156.36402003035204,159.51900878252525,160.7303190782472,3.1549887521732103,1.2113102957219315
129,160.22024634129903,160.7303190782472,161.00244689963304,0.5100727369481604,0.2721278213858604
128,157.88561776132784,160.28888070443733,161.3578243674557,2.403262943109496,1.0689436630183504
130,163.51570966895113,163.51570966895113,166.2420700296148,0.0,2.7263603606636733
131,164.67994473592475,164.67994473592475,166.5112615446923,0.0,1.8313168087675589
132,165.4076037322995,166.2420700296148,167.98900509099343,0.8344662973153163,1.7469350613786288
133,165.69956535484215,166.5112615446923,169.52420212612245,0.8116961898501529,3.0129405814301538
135,166.80061603203458,169.52420212612245,169.53617814595043,2.723586094087864,0.011976019827978744
136,169.48925030970364,169.53617814595043,169.67135445302947,0.04692783624679464,0.13517630707903
137,170.45582322579722,170.45582322579722,171.3206951764629,0.0,0.8648719506656617
138,172.34850842793222,172.34850842793222,172.66335145658093,0.0,0.31484302864870883
134,166.52931261657173,167.98900509099343,173.23206109969675,1.4596924744217006,5.243056008703325
139,174.6254825299078,174.6254825299078,175.99568532113935,0.0,1.3702027912315393
140,175.08731742942516,175.08731742942516,181.0901538028038,0.0,6.002836373378628
142,175.71502777061718,181.0901538028038,181.33997869503818,5.375126032186614,0.24982489223439092
141,175.37041042148726,175.99568532113935,181.8664476672347,0.6252748996520836,5.870762346095337
144,178.63059437926026,181.8664476672347,182.0776723921858,3.235853287974436,0.21122472495111316
143,178.23852530125475,181.33997869503818,182.58749246915988,3.10145339378343,1.2475137741216877
145,178.77989769615886,182.0776723921858,182.70450644764654,3.2977746960269485,0.6268340554607207
147,183.9362729959974,183.9362729959974,184.22922040651832,0.0,0.29294741052093376
146,182.22437781685423,182.58749246915988,186.01856099605857,0.3631146523056543,3.4310685268986783
149,184.43996970497196,186.01856099605857,186.97672537339284,1.5785912910866102,0.9581643773342786
148,184.40730991221284,184.40730991221284,187.37507819749428,0.0,2.9677682852814264
150,187.16391784510674,187.16391784510674,189.14977156259846,0.0,1.9858537174917172
152,190.11051525338905,190.11051525338905,190.3527699012975,0.0,0.24225464790846
151,188.91625066131797,188.91625066131797,191.27821395480012,0.0,2.3619632934821375
153,192.14313754212273,192.14313754212273,193.06895828431757,0.0,0.9258207421948437
155,196.7977839803504,196.7977839803504,197.29437898378555,0.0,0.4965950034351444
154,193.622943187246,193.622943187246,198.0361740116324,0.0,4.413230824386394
157,198.08614196721027,198.08614196721027,201.53037465739715,0.0,3.444232690186893
156,197.29603406923815,197.29603406923815,202.39747129905865,0.0,5.1014372298205055
158,201.67434272113863,201.67434272113863,205.7722467925261,0.0,4.097904071387451
159,201.74040368007954,202.39747129905865,207.10653195800884,0.6570676189791129,4.709060658950196
161,204.18740924406163,207.10653195800884,207.65860378817052,2.9191227139472176,0.5520718301616777
160,203.76155049278094,205.7722467925261,207.80382574291707,2.010696299745149,2.03157895039099
163,209.09007773347565,209.09007773347565,211.66955362695631,0.0,2.5794758934806636
164,210.04047283618604,211.66955362695631,211.89462113681083,1.6290807907702742,0.2250675098545184
165,211.40199845497952,211.89462113681083,213.56576696943404,0.49262268183130686,1.6711458326232045
162,208.52561626607428,208.52561626607428,213.70801407711846,0.0,5.182397811044174
166,211.98724061200122,213.56576696943404,215.08070047459725,1.5785263574328212,1.5149335051632222
168,212.76375985842503,215.08070047459725,218.85145985376033,2.316940616172218,3.7707593791630845
167,212.55220864684748,213.70801407711846,219.28055958762235,1.1558054302709877,5.57254551050389
169,213.3061964046623,218.85145985376033,220.00467212787635,5.54526344909803,1.1532122741160191
170,213.9501451904147,219.28055958762235,220.08231894357547,5.330414397207647,0.8017593559531123
172,214.89625942989045,220.08231894357547,220.1110209059521,5.186059513685024,0.02870196237662537
171,214.74052008948868,220.00467212787635,221.41500439773932,5.264152038387664,1.4103322698629785
174,216.3069514536408,221.41500439773932,222.81802625632812,5.108052944098517,1.4030218585888001
173,215.3839094539473,220.1110209059521,223.18169862888072,4.727111452004806,3.070677722928631
175,216.4251648374478,222.81802625632812,225.0717164078393,6.392861418880329,2.253690151511162
177,216.900353325851,225.0717164078393,225.98933460213738,8.17136308198829,0.9176181942980918
176,216.587363677648,223.18169862888072,226.81023445411745,6.5943349512327245,3.6285358252367272
178,218.83725005438146,225.98933460213738,228.92107138309342,7.152084547755919,2.931736780956034
180,219.81678122664894,228.92107138309342,229.71768216727602,9.104290156444478,0.7966107841825965
179,219.58348839603684,226.81023445411745,232.98265023233458,7.226746058080607,6.172415778217134
181,220.43401725131443,229.71768216727602,235.40905550527415,9.283664915961594,5.691373337998121
183,222.34605048157374,235.40905550527415,236.5899308229844,13.063005023700413,1.180875317710242
184,224.27808366427448,236.5899308229844,236.7043007653064,12.311847158709924,0.11436994232200917
185,225.84170179843375,236.7043007653064,239.5402932042366,10.862598966872667,2.8359924389301816
182,220.45869429748763,232.98265023233458,240.1362786249054,12.523955934846953,7.153628392570811
187,227.00918956533,240.1362786249054,240.3393250605963,13.127089059575411,0.20304643569090516
188,227.02077578660337,240.3393250605963,240.3447676626398,13.318549273992943,0.005442602043498448
186,226.2941323242995,239.5402932042366,240.5475447946818,13.246160879937094,1.0072515904452046
190,234.98420638315523,240.5475447946818,241.03521783556243,5.563338411526587,0.4876730408806313
189,227.95783123748234,240.3447676626398,242.3712029555641,12.386936425157472,2.026435292924289
192,236.068903543512,242.3712029555641,242.75175226590477,6.302299412052093,0.38054931034067296
193,236.46529335510877,242.75175226590477,243.92308753727278,6.286458910796,1.1713352713680185
194,236.83271600185475,243.92308753727278,244.64851979246313,7.090371535418029,0.7254322551903492
195,236.93910732965276,244.64851979246313,247.8200077518084,7.709412462810377,3.1714879593452614
196,237.27828793229406,247.8200077518084,248.13670561858757,10.541719819514327,0.3166978667791843
197,238.3601672316407,248.13670561858757,248.57310477122894,9.776538386946868,0.4363991526413711
198,238.54699976380198,248.57310477122894,250.5393620331233,10.026105007426963,1.9662572618943481
191,235.97593834324903,241.03521783556243,254.57296014535447,5.059279492313408,13.537742309792039
200,240.86752756048975,254.57296014535447,255.6023681213128,13.705432584864724,1.029407975958319
201,241.12000376374093,255.6023681213128,256.30170509546724,14.482364357571868,0.6993369741544562
199,240.4921040601192,250.5393620331233,258.8470296035728,10.047257973004093,8.307667570449501
203,241.29393021043316,258.8470296035728,260.1079804538692,17.55309939313966,1.260950850296374
204,241.8160171844179,260.1079804538692,261.69823681951664,18.291963269451287,1.5902563656474844
205,242.4928230661064,261.69823681951664,261.9335335487912,19.205413753410227,0.23529672927458098
206,243.86904648497642,261.9335335487912,264.999167031023,18.064487063814795,3.0656334822317794
207,244.09184615609672,264.999167031023,265.2862173408863,20.907320874926256,0.28705030986334934
208,245.5706250627093,265.2862173408863,265.87079660757195,19.715592278177013,0.5845792666856133
202,241.1780070221281,256.30170509546724,267.8226515830004,15.123698073339142,11.520946487533145
209,246.84413590214248,265.87079660757195,268.29119224213207,19.026660705429464,2.420395634560139
211,250.47714136457904,268.29119224213207,269.2071274703371,17.81405087755303,0.9159352282050564
210,249.16392470116912,267.8226515830004,269.6686078159583,18.658726881831257,1.845956232957918
213,250.981431363319,269.6686078159583,272.08351188638613,18.687176452639306,2.4149040704278204
214,252.03233991607092,272.08351188638613,273.1479030707842,20.05117197031521,1.0643911843980727
212,250.5446158120264,269.2071274703371,276.1336962022234,18.662511658310734,6.926568731886305
215,252.3047840942385,273.1479030707842,276.32861539889745,20.843118976545696,3.18071232811326
217,253.31672133519245,276.32861539889745,277.33038416648475,23.011894063705,1.0017687675872695
216,252.93243088474273,276.1336962022234,279.5411133622057,23.201265317480676,3.4074171599822938
219,256.67242228316223,279.5411133622057,280.73271508357107,22.868691079043458,1.1916017213653953
220,257.3084054615252,280.73271508357107,281.26929674276414,23.424309622045882,0.5365816591930699
218,253.3985133001162,277.33038416648475,283.0101345581333,23.93187086636854,5.679750391648554
221,257.8362544268588,281.26929674276414,285.072802513258,23.433042315905368,3.8035057704938993
222,260.8435733614068,283.0101345581333,285.0737008513086,22.16656119672649,2.0635662931752865
224,262.10204168003935,285.0737008513086,286.1834548916434,22.971659171269266,1.1097540403347703
225,266.8320837099526,286.1834548916434,287.5986577249203,19.35137118169081,1.4152028332769162
226,267.1630271112408,287.5986577249203,288.72883095817565,20.435630613679507,1.1301732332553323
223,261.2208755253273,285.072802513258,289.547749079439,23.85192698793071,4.474946566180975
228,268.6619822108186,289.547749079439,290.3699753634859,20.88576686862035,0.8222262840469022
229,269.38427220659906,290.3699753634859,292.52927314991825,20.985703156886814,2.1592977864323832
230,270.90173889293067,292.52927314991825,292.67002673786874,21.627534256987587,0.14075358795046458
227,267.9376676440954,288.72883095817565,293.4620694480232,20.791163314080222,4.733238489847556
232,272.2254830305903,293.4620694480232,294.27847636281365,21.23658641743293,0.8164069147904393
231,270.96573759480805,292.67002673786874,294.5607295801194,21.70428914306069,1.8907028422506618
233,272.3378571769549,294.27847636281365,294.8574078475652,21.940619185858736,0.5789314847515237
235,272.911977366607,294.8574078475652,295.70686771467643,21.94543048095818,0.8494598671112433
234,272.53480484076,294.5607295801194,296.6339530681634,22.025924739359425,2.0732234880439844
236,273.03324559274927,295.70686771467643,297.6699080680699,22.673622121927167,1.9630403533934655
238,273.66412278376487,297.6699080680699,298.6371110261907,24.005785284305034,0.9672029581208494
237,273.4871352032818,296.6339530681634,298.95940656013687,23.146817864881598,2.325453491973445
239,274.14000940182837,298.6371110261907,299.4955055214728,24.497101624362358,0.8583944952821019
240,274.94897975743737,298.95940656013687,302.24131919140524,24.0104268026995,3.2819126312683666
241,275.1025544629459,299.4955055214728,305.70836069272946,24.392951058526933,6.212855171256658
243,279.10051662933205,305.70836069272946,305.98209382033747,26.60784406339741,0.27373312760802443
242,277.23361615325103,302.24131919140524,306.50184905131135,25.007703038154204,4.260529859906115
245,279.27687010610975,306.50184905131135,306.6008275398769,27.2249789452016,0.09897848856555874
244,279.2677201492938,305.98209382033747,306.68694639482464,26.71437367104369,0.7048525744871696
246,280.1276392620434,306.6008275398769,307.3577483141542,26.473188277833515,0.7569207742773039
247,280.78556727650005,306.68694639482464,307.4811672648523,25.9013791183246,0.79422087002765
248,281.5087602823078,307.3577483141542,308.3266268093968,25.84898803184643,0.9688784952426408
249,282.8128579098822,307.4811672648523,308.6770635027766,24.668309354970063,1.1958962379243305
250,284.7511317065799,308.3266268093968,309.0946994448215,23.575495102816944,0.7680726354246873
251,284.7748747625858,308.6770635027766,309.79115790349266,23.90218874019081,1.1140944007160347
252,284.930418491484,309.0946994448215,311.4751951294074,24.16428095333754,2.380495684585877
254,287.48582657262017,311.4751951294074,311.5260716082507,23.989368556787213,0.05087647884328819
253,286.1988745712048,309.79115790349266,312.02004630197354,23.592283332287877,2.228888398480852
255,288.74198782558085,311.5260716082507,312.42201890391755,22.784083782669825,0.8959472956668878
256,289.45797007363535,312.02004630197354,313.3759816364414,22.562076228338185,1.3559353344678682
258,292.6980270269307,313.3759816364414,313.5998438799107,20.67795460951072,0.22386224346927652
257,291.7220859945434,312.42201890391755,315.19007448959013,20.699932909374127,2.768055585672601
260,293.76443437710043,315.19007448959013,317.27708102613144,21.425640112489702,2.087006536541311
259,293.43279099800964,313.5998438799107,318.0323350577869,20.167052881901043,4.432491177876224
262,297.38668016746635,318.0323350577869,320.0290847969605,20.645654890320543,1.9967497391736087
261,294.65594986724494,317.27708102613144,320.07180494931686,22.6211311588865,2.794723923185395
264,299.8907461084438,320.07180494931686,320.3520348068614,20.18105884087305,0.28022985754454544
263,298.8885845830525,320.0290847969605,320.7643518508052,21.140500213908012,0.7352670538447481
265,300.4169224914236,320.3520348068614,321.8809931481182,19.935112315437834,1.528958341256758
267,302.7259924757438,321.8809931481182,324.56578010664697,19.1550006723744,2.684786958528802
266,301.22511116181,320.7643518508052,327.08327439477625,19.53924068899522,6.318922543971022
269,303.70321542635133,327.08327439477625,327.71704961453275,23.38005896842492,0.6337752197565043
268,303.2013777176025,324.56578010664697,327.91953460430307,21.36440238904447,3.3537544976560927
271,310.43170373524606,327.91953460430307,328.0679770372338,17.487830869057007,0.14844243293072143
270,307.32811736990436,327.71704961453275,328.2635733657432,20.388932244628393,0.5465237512104314
273,313.03257264185896,328.2635733657432,328.91849861497866,15.231000723884222,0.6549252492354879
274,314.15209325760003,328.91849861497866,329.56642024850515,14.76640535737863,0.6479216335264849
272,311.88334252740714,328.0679770372338,329.8061796513539,16.18463450982665,1.7382026141201163
276,314.33515737885887,329.8061796513539,331.30080303460363,15.47102227249502,1.494623383249739
275,314.32890827201624,329.56642024850515,331.4007882768478,15.237511976488918,1.834368028342614
278,315.09580090147386,331.4007882768478,331.4227915684265,16.304987375373912,0.022003291578713256
279,315.5554115753908,331.4227915684265,331.7399311930571,15.867379993035684,0.3171396246306384
280,315.88885200776184,331.7399311930571,335.52838656054956,15.851079185295248,3.7884553674924684
277,314.65010045195464,331.30080303460363,336.4131766654983,16.65070258264899,5.112373630894687
281,316.7667996860469,335.52838656054956,341.0485556141728,18.761586874502655,5.520169053623244
282,317.9814935748918,336.4131766654983,341.52637076591384,18.431683090606555,5.113194100415539
284,321.2960114207639,341.52637076591384,342.4242319539058,20.230359345149964,0.897861187991968
285,321.669396378285,342.4242319539058,342.64190547193334,20.754835575620803,0.2176735180275115
283,319.1045923837657,341.0485556141728,344.3513421206375,21.94396323040712,3.3027865064647077
287,324.7344094053242,344.3513421206375,344.58433768116566,19.61693271531334,0.23299556052811676
288,325.9708009994882,344.58433768116566,345.40531978979027,18.613536681677488,0.8209821086246256
286,323.2612000363025,342.64190547193334,345.4992094468883,19.38070543563083,2.8573039749549767
290,328.0502016932369,345.4992094468883,345.5095510426881,17.449007753651415,0.010341595799774173
289,327.1420572553651,345.40531978979027,348.09844778067816,18.263262534425166,2.6931279908879024
291,331.5902481039964,345.5095510426881,348.97108941272757,13.919302938691715,3.461538370039497
293,337.0108158467249,348.97108941272757,348.9798452626397,11.960273566002684,0.008755849912147605
292,332.1708900709709,348.09844778067816,350.04369358223215,15.92755770970723,1.9452458015540215
294,337.40647652295166,348.9798452626397,350.24483834392737,11.573368739688021,1.2649930812876653
296,339.82073650334,350.24483834392737,351.12801405149753,10.424101840587355,0.8831757075701664
295,338.9802268862231,350.04369358223215,351.9832867053808,11.063466696009073,1.9395931231486432
298,340.5145321978042,351.9832867053808,352.31423911580174,11.468754507576591,0.33095241042090645
297,340.41679368260765,351.12801405149753,355.4454626928206,10.711220368889883,4.317448641323069
299,341.45434967288963,352.31423911580174,355.71033004680567,10.859889442912106,3.3960909310039407
301,349.0122933295289,355.71033004680567,356.85406958524993,6.69803671727675,1.143739538444271
300,343.13839505111207,355.4454626928206,357.31338171894186,12.307067641708556,1.8679190261212026
303,351.55840397191326,357.31338171894186,358.372376522434,5.75497774702859,1.058994803492155
304,351.84060110230644,358.372376522434,358.86500090131165,6.5317754201275875,0.492624378877631
302,349.03388762159307,356.85406958524993,360.36911315714974,7.820181963656864,3.5150435718998256
306,352.2024195435459,360.36911315714974,361.97142133947705,8.166693613603854,1.6023081823273
305,352.02593830782496,358.86500090131165,362.20776129505776,6.8390625934866875,3.3427603937461265
308,355.84477323282687,362.20776129505776,362.89142588211735,6.362988062230897,0.6836645870595685
309,356.1874638996877,362.89142588211735,363.3223323881431,6.703961982429632,0.43090650602576086
310,356.7293013105847,363.3223323881431,363.4062996089962,6.593031077558408,0.08396722085314777
307,355.2319394738373,361.97142133947705,364.63309971135067,6.739481865639732,2.661678371873623
312,358.8527442590954,364.63309971135067,366.15376703291804,5.7803554522552645,1.5206673215673578
311,357.1393657460911,363.4062996089962,367.0513381122063,6.266933862905148,3.6450385032100643
313,359.09910475944366,366.15376703291804,367.42797215726523,7.054662273474378,1.2742051243472057
314,359.478709626604,367.0513381122063,367.49643585453424,7.5726284856023085,0.44509774232795407
315,363.96811147414076,367.42797215726523,367.74686604722683,3.459860683124475,0.3188938899615953
316,365.3369425853045,367.49643585453424,369.05692863523745,2.159493269229756,1.5604927807032203
317,365.4607849790609,367.74686604722683,369.44231451779444,2.286081068165913,1.6954484705676196
319,370.7412556803062,370.7412556803062,370.937460378228,0.0,0.1962046979218306
318,369.84287873989217,369.84287873989217,371.40791131520854,0.0,1.5650325753163934
320,371.4034135475527,371.4034135475527,371.79808795785266,0.0,0.3946744102999295
321,372.1758596750025,372.1758596750025,373.2424888402139,0.0,1.066629165211422
323,373.3472130004779,373.3472130004779,374.0913469321874,0.0,0.7441339317094573
322,372.2365062370409,372.2365062370409,374.15808423585366,0.0,1.9215779988127664
325,375.89383341572614,375.89383341572614,376.14971420144855,0.0,0.25588078572240736
326,376.62416769127316,376.62416769127316,377.4254538616932,0.0,0.8012861704200627
327,378.5147938153804,378.5147938153804,378.52923808130964,0.0,0.014444265929253281
324,374.0546906002762,374.0913469321874,379.51318301219084,0.03665633191116058,5.421836080003431
329,379.7176482639641,379.7176482639641,379.8759349419724,0.0,0.15828667800829227
330,380.7911290565737,380.7911290565737,381.6839085258786,0.0,0.8927794693048848
331,380.8760064685749,381.6839085258786,381.81266583687227,0.8079020573037496,0.1287573109936411
328,379.60021830876553,379.60021830876553,386.57216491444115,0.0,6.971946605675596
333,386.4017210370699,386.57216491444115,387.2963032571673,0.17044387737126954,0.7241383427261758
332,384.3158917460475,384.3158917460475,387.4240014894312,0.0,3.108109743383704
334,387.6806561664078,387.6806561664078,388.0341464249995,0.0,0.353490258591714
336,389.9885616960581,389.9885616960581,390.7828232178078,0.0,0.7942615217496389
335,388.1226892503333,388.1226892503333,391.7351098816642,0.0,3.6124206313309264
337,390.8996232229609,390.8996232229609,392.6787333959377,0.0,1.7791101729767835
338,393.3169577697992,393.3169577697992,393.5305369663659,0.0,0.2135791965666973
339,393.42282109677984,393.42282109677984,394.3217465849033,0.0,0.8989254881234472
340,393.99702310963147,393.99702310963147,395.6633640058736,0.0,1.6663408962421302
342,395.4891963288241,395.6633640058736,397.13983520183785,0.17416767704946778,1.4764711959643053
343,395.5638134706562,397.13983520183785,397.35129636316157,1.5760217311816405,0.21146116132372042
341,395.3577662659653,395.3577662659653,397.82156810435146,0.0,2.463801838386148
345,396.4602989934473,397.82156810435146,397.91291168504716,1.3612691109041748,0.09134358069572646
346,396.729549357219,397.91291168504716,398.6180725019078,1.1833623278281493,0.7051608168606435
347,396.7349102357022,398.6180725019078,399.04196834031535,1.883162266205602,0.4238958384075317
344,395.8007479091736,397.35129636316157,402.0346142962634,1.5505484539879717,4.6833179331018
348,397.17138261776046,399.04196834031535,403.9623028826673,1.8705857225548925,4.920334542351943
349,398.2135289761616,402.0346142962634,405.2959817023546,3.8210853201017585,3.2613674060911992
350,398.2588660722732,403.9623028826673,405.5961502141507,5.703436810394123,1.6338473314834376
352,399.94644964022734,405.5961502141507,406.5345951156274,5.649700573923383,0.9384449014766704
351,399.1702517416343,405.2959817023546,407.11353369015274,6.125729960720321,1.8175519877981543
353,400.44626891166564,406.5345951156274,408.1957056692746,6.088326203961742,1.66111055364725
355,402.1903571383614,408.1957056692746,408.86299261045275,6.005348530913238,0.6672869411781615
356,402.5291235197891,408.86299261045275,409.5518591711339,6.333869090663654,0.6888665606811853
357,404.49532602973125,409.5518591711339,411.97424497298675,5.056533141402667,2.422385801852835
358,404.60099346756186,411.97424497298675,412.98360443488514,7.373251505424889,1.0093594618983934
354,400.5812620802195,407.11353369015274,413.84845584821363,6.532271609933218,6.734922158060919
360,405.60885614987717,413.84845584821363,414.0381853585193,8.239599698336463,0.18972951030566218
361,406.26895968448565,414.0381853585193,415.68886858753535,7.769225674033635,1.6506832290160827
362,406.6208087983442,415.68886858753535,418.7721493034941,9.068059789191125,3.0832807159587263
359,405.1661930100175,412.98360443488514,418.994842755564,7.817411424867657,6.0112383206788405
364,406.9031309378723,418.994842755564,419.4541638471134,12.091711817691703,0.45932109154943773
365,408.12580681851676,419.4541638471134,420.1588719946778,11.328357028596656,0.704708147564364
363,406.86292593016293,418.7721493034941,420.2501545290411,11.909223373331145,1.4780052255469933
367,409.3167262121395,420.2501545290411,420.2678676348681,10.933428316901598,0.01771310582701367
366,409.1739494426072,420.1588719946778,421.25252088391534,10.9849225520706,1.0936488892375529
369,411.1785713052986,421.25252088391534,421.5183701368809,10.073949578616748,0.2658492529655413
370,417.1039364853224,421.5183701368809,423.7381701702336,4.414433651558511,2.2198000333527186
368,409.58229378420543,420.2678676348681,425.89542502280756,10.68557385066265,5.627557387939485
371,417.442326757662,423.7381701702336,426.81108980089937,6.295843412571628,3.0729196306657447
372,417.97719434261927,425.89542502280756,428.0805821562846,7.918230680188287,2.1851571334770523
373,418.0341542076728,426.81108980089937,428.4242271377783,8.77693559322654,1.6131373368789208
374,418.65458256990007,428.0805821562846,429.2814399213992,9.425999586384535,1.2008577651146382
376,422.0412081907701,429.2814399213992,435.4567603088555,7.240231730629148,6.175320387456261
377,422.6821939058405,435.4567603088555,438.3371441602444,12.774566403015001,2.8803838513889155
378,423.08578166363753,438.3371441602444,439.77876758720663,15.251362496606873,1.4416234269621981
379,423.58926720326207,439.77876758720663,440.63339405398824,16.189500383944562,0.8546264667815939
375,419.5288163097453,428.4242271377783,442.099520836042,8.895410828032993,13.675293698263722
381,426.2671117934145,442.099520836042,442.80763762938716,15.832409042627546,0.7081167933451159
380,423.73384216545173,440.63339405398824,443.44817853997813,16.899551888536507,2.8147844859898745
383,429.4810046004772,443.44817853997813,444.5233581651205,13.967173939500924,1.0751796251423853
382,427.5626327152073,442.80763762938716,444.93130818201405,15.245004914179844,2.123670552626902
385,431.2612655051607,444.93130818201405,445.6566859535234,13.67004267685337,0.7253777715093206
386,431.28237298154437,445.6566859535234,446.35186918991826,14.374312971979009,0.6951832363949002
387,433.1805794815207,446.35186918991826,447.479836888449,13.17128970839758,1.1279676985307212
388,433.84328925909927,447.479836888449,448.07557027305813,13.636547629349707,0.5957333846091571
389,435.0394335295875,448.07557027305813,449.90205921030093,13.03613674347065,1.8264889372428041
390,435.989076687935,449.90205921030093,450.5635046881883,13.912982522365951,0.6614454778873692
384,431.2250667593735,444.5233581651205,450.69987935400593,13.298291405747023,6.176521188885403
392,441.6478616814907,450.69987935400593,452.47014716404345,9.052017672515206,1.7702678100375047
391,440.58058517249486,450.5635046881883,454.38087608444056,9.982919515693425,3.817371396252263
394,443.8193187261327,454.38087608444056,454.3966990109109,10.56155735830788,0.01582292647030641
393,442.80003287094115,452.47014716404345,454.7492396754929,9.670114293102301,2.2790925114494236
396,446.91679518108094,454.7492396754929,456.88160529732215,7.832444494411959,2.132365621829245
395,445.5807397798498,454.3966990109109,457.8663260206496,8.815959231061072,3.4696270097386788
398,450.2102403855984,457.8663260206496,458.3110645937441,7.65608563505117,0.44473857309450004
397,450.1638602692061,456.88160529732215,458.40371961799565,6.717745028116042,1.522114320673502
400,454.2723304082137,458.40371961799565,458.40439148648016,4.131389209781958,0.0006718684845195637
401,455.06979865468594,458.40439148648016,458.797487202158,3.3345928317942253,0.39309571567780766
402,455.6088074448644,458.797487202158,461.05727290029296,3.1886797572935848,2.2597856981349733
403,457.2673839517783,461.05727290029296,461.7386923281764,3.7898889485146583,0.6814194278834624
404,457.8780401753929,461.7386923281764,462.6094670646966,3.860652152783473,0.8707747365202434
405,459.05310014833645,462.6094670646966,463.54169164061733,3.5563669163601617,0.9322245759207073
406,459.4548795970975,463.54169164061733,464.5398471793802,4.086812043519842,0.9981555387628812
399,453.45634739485394,458.3110645937441,467.42938920096753,4.854717198890171,9.118324607223455
407,459.97849957649123,464.5398471793802,469.7367174531371,4.561347602888986,5.196870273756888
409,461.32799766391054,469.7367174531371,472.3160388162769,8.408719789226552,2.5793213631397918
408,460.97831519468446,467.42938920096753,474.1293286662121,6.451074006283079,6.699939465244536
411,465.3390300849594,474.1293286662121,475.93952947137564,8.79029858125267,1.810200805163569
410,461.81812100043965,472.3160388162769,476.448683156169,10.49791781583724,4.132644339892122
412,465.4288954126674,475.93952947137564,479.010641867914,10.510634058708263,3.0711123965383518
413,466.09823917036806,476.448683156169,479.90944405243926,10.35044398580095,3.4607608962702288
414,466.3583808354021,479.010641867914,481.22577505316,12.652261032511888,2.215133185246059
415,466.36799230942984,479.90944405243926,481.9796674228507,13.541451743009418,2.0702233704114357
417,468.4469948832454,481.9796674228507,482.2878753775483,13.5326725396053,0.30820795469759144
418,471.12993806091475,482.2878753775483,482.3965443232465,11.157937316633536,0.10866894569816438
419,474.0526029004254,482.3965443232465,482.62556424936633,8.343941422821047,0.22901992611985608
420,475.88634911779377,482.62556424936633,482.74368682000437,6.739215131572564,0.11812257063805107
416,466.87390930024566,481.22577505316,483.066083195737,14.351865752914364,1.8403081425769587
421,478.3034566905363,482.74368682000437,484.0606672386012,4.440230129468091,1.3169804185968257
422,478.38111346834,483.066083195737,484.35526557232436,4.684969727397004,1.2891823765873245
424,480.2395835287851,484.35526557232436,484.96431802920085,4.115682043539266,0.6090524568765114
423,478.4969903147331,484.0606672386012,486.18140502753425,5.563676923868059,2.120737788933078
426,482.51580323764506,486.18140502753425,487.4784197561611,3.6656017898891946,1.2970147286268512
427,482.5718742824681,487.4784197561611,488.29725396786586,4.906545473692972,0.8188342117047621
425,481.55984627443223,484.96431802920085,488.6077824662767,3.404471754768622,3.643464437075871
429,486.39853049429604,488.6077824662767,493.5329093069948,2.2092519719806774,4.92512684071806
430,486.7449219351156,493.5329093069948,493.5608636382268,6.787987371879183,0.027954331231999124
431,486.9995631534135,493.5608636382268,495.5226396867934,6.56130048481333,1.9617760485666254
428,483.19023554751715,488.29725396786586,497.196582452075,5.107018420348709,8.899328484209141
433,491.4842811046347,497.196582452075,499.1163710449138,5.712301347440302,1.9197885928387994
434,491.5715981937894,499.1163710449138,501.5456978655256,7.544772851124435,2.4293268206117857
432,489.0694987437209,495.5226396867934,502.5535628163058,6.453140943072526,7.030923129512394
436,491.95514529538076,502.5535628163058,502.68405406939826,10.598417520925068,0.13049125309243886
435,491.70052108255004,501.5456978655256,502.77943428768094,9.845176782975557,1.2337364221553224
437,494.87904346345175,502.68405406939826,502.85699761000336,7.8050106059465065,0.17294354060508305
438,495.6541174139248,502.77943428768094,503.29770050502077,7.125316873756162,0.5182662173398075
439,496.6466960408037,502.85699761000336,504.100980186391,6.2103015691996575,1.2439825763876027
441,498.2969247826702,504.100980186391,508.73929810487726,5.804055403720781,4.6383179184863055
440,497.3192770404616,503.29770050502077,509.78252894908775,5.978423464559171,6.48482844406698
443,499.6543614994655,509.78252894908775,509.8518103618402,10.128167449622254,0.06928141275245937
442,498.4749702673579,508.73929810487726,510.44095389271246,10.264327837519374,1.7016557878351701
444,500.01580465471056,509.8518103618402,510.44365058349143,9.83600570712963,0.5918402216512203
445,500.9432112919235,510.44095389271246,513.2302160498656,9.497742600788968,2.7892621571530967
447,507.876982723299,513.2302160498656,513.7547645360185,5.353233326566567,0.5245484861528315
446,501.567475281949,510.44365058349143,513.9334698219601,8.876175301542446,3.4898192384686966
449,510.6812190371619,513.9334698219601,515.6122982148695,3.252250784798207,1.6788283929093504
448,510.4605148128167,513.7547645360185,516.5438200873031,3.2942497232017445,2.789055551284604
451,513.9452283739014,516.5438200873031,517.53149686913,2.5985917134016745,0.9876767818270157
450,511.01208220148857,515.6122982148695,518.1803909954186,4.60021601338093,2.5680927805491223
452,514.1452401478163,517.53149686913,519.454745318242,3.386256721313771,1.9232484491119992
454,514.3487208166633,519.454745318242,519.9725605621308,5.106024501578645,0.5178152438887613
455,514.6077923735006,519.9725605621308,520.9528588099314,5.364768188630137,0.9802982478006151
456,516.1035894842092,520.9528588099314,521.2242390210035,4.849269325722162,0.271380211072106
457,516.5201930670947,521.2242390210035,521.7270671212217,4.704045953908803,0.502828100218158
453,514.3348935377221,518.1803909954186,522.1362382558736,3.845497457696524,3.9558472604550223
458,516.8034028539396,521.7270671212217,522.2648291330182,4.923664267282106,0.5377620117965057
459,516.8517371001751,522.1362382558736,523.2132549833901,5.2845011556985355,1.0770167275164724
461,519.2955537854239,523.2132549833901,524.3074247383107,3.9177011979662666,1.0941697549206153
460,517.7248098725663,522.2648291330182,524.3586177965176,4.540019260451913,2.0937886634993577
463,521.5255481148906,524.3586177965176,524.4824819842514,2.8330696816269665,0.12386418773383266
464,521.7817686211281,524.4824819842514,524.6484928073021,2.7007133631233273,0.16601082305070358
465,526.0481961394864,526.0481961394864,528.0299167084459,0.0,1.9817205689594657
462,519.3238484015029,524.3074247383107,530.1451194514668,4.9835763368078005,5.837694713156083
466,528.3972899319178,528.3972899319178,530.1584106917617,0.0,1.761120759843802
467,529.6854268690877,530.1451194514668,530.9407007313528,0.459692582379148,0.7955812798859331
469,530.7815643464612,530.9407007313528,531.0335816249473,0.15913638489155346,0.09288089359448201
470,532.9684492041658,532.9684492041658,534.0435284199278,0.0,1.0750792157619862
468,530.3810745329603,530.3810745329603,536.1209738909241,0.0,5.739899357963901
472,535.3906747005404,536.1209738909241,537.8950844335051,0.7302991903836755,1.7741105425809773
471,534.6428884151356,534.6428884151356,538.2969415955797,0.0,3.654053180444083
473,535.7592573072538,537.8950844335051,539.2020960412272,2.135827126251229,1.307011607722064
474,536.5089396667643,538.2969415955797,542.9115071804456,1.7880019288154472,4.614565584865855
476,540.4876965341218,542.9115071804456,543.656921794211,2.4238106463237727,0.7454146137654608
477,540.4922197904777,543.656921794211,550.4202315730537,3.1647020037332823,6.763309778842661
478,540.9617870779193,550.4202315730537,550.9725160216506,9.458444495134358,0.5522844485968675
475,540.296493474759,540.296493474759,551.2428037964912,0.0,10.946310321732188
480,541.6135583875222,551.2428037964912,552.7104912352919,9.629245408969041,1.467687438800703
481,543.1283550046727,552.7104912352919,552.7701033428126,9.582136230619199,0.05961210752074244
479,541.4663293696153,550.9725160216506,553.0164510710646,9.50618665203524,2.043935049414067
482,544.7016956581456,552.7701033428126,554.3154620638882,8.068407684667022,1.5453587210755653
483,545.6761889378681,553.0164510710646,554.7417621798273,7.340262133196461,1.7253111087627513
484,546.5188093377296,554.3154620638882,555.7868103775814,7.796652726158527,1.4713483136932768
486,547.6432428178261,555.7868103775814,556.1617850483059,8.143567559755297,0.3749746707244922
485,546.6099060176808,554.7417621798273,556.605480435471,8.131856162146505,1.863718255643732
488,551.3863244253716,556.605480435471,556.8933961063369,5.219156010099368,0.2879156708659395
487,550.0354207838787,556.1617850483059,558.5362267201506,6.1263642644271386,2.3744416718447345
490,553.9848997226155,558.5362267201506,559.9332877172776,4.551326997535057,1.397060997127021
491,554.5014526234287,559.9332877172776,559.9896808795398,5.4318350938489175,0.056393162262189885
489,552.5207567909081,556.8933961063369,560.5439772813248,4.372639315428842,3.650581174987957
493,556.497246740521,560.5439772813248,561.0782213912256,4.046730540803878,0.5342441099007397
494,557.4486366493252,561.0782213912256,562.8313733357379,3.6295847419004303,1.7531519445122608
492,555.473035192514,559.9896808795398,562.8842838770812,4.516645687025857,2.894602997541411
495,557.5099172031502,562.8313733357379,563.2532458749629,5.321456132587741,0.4218725392249294
497,559.5933798410335,563.2532458749629,563.3794109546988,3.6598660339293474,0.12616507973590657
496,558.269160365848,562.8842838770812,564.1411384566754,4.615123511233151,1.2568545795942316
499,560.2759024197134,564.1411384566754,564.8442299042754,3.8652360369620737,0.703091447599942
500,560.9105166355797,564.8442299042754,565.5005859764976,3.9337132686956693,0.6563560722222957
501,563.1359347496809,565.5005859764976,565.8859773429461,2.3646512268167044,0.38539136644846317
498,560.2646610946334,563.3794109546988,566.2761421690062,3.1147498600653307,2.8967312143074615
502,564.3119892504244,565.8859773429461,568.4235193192491,1.5739880925217449,2.537541976302878
503,566.7560867855076,566.7560867855076,569.0902266546877,0.0,2.3341398691801807
505,567.6999162850304,569.0902266546877,570.9090375559767,1.3903103696572998,1.8188109012890403
504,566.8747009339093,568.4235193192491,571.1746046143061,1.548818385339814,2.751085295057061
507,572.2020934801383,572.2020934801383,574.0924306477647,0.0,1.890337167626406
506,567.901421722606,570.9090375559767,574.1092705594616,3.007615833370778,3.2002330034849087
509,574.3178829294772,574.3178829294772,574.5249617335829,0.0,0.20707880410577803
508,573.9510725813773,574.0924306477647,575.428677769921,0.14135806638739723,1.3362471221564005
510,574.9841608257528,574.9841608257528,575.4460016344815,0.0,0.46184080872866523
511,578.5575842586242,578.5575842586242,579.1579663386126,0.0,0.6003820799884474
513,582.7693279498925,582.7693279498925,583.4394626945133,0.0,0.6701347446208263
512,581.9130986374521,581.9130986374521,584.7760536844764,0.0,2.8629550470243155
515,586.5393116925619,586.5393116925619,588.379110970669,0.0,1.839799278107058
514,585.9595629947642,585.9595629947642,590.6254030205923,0.0,4.665840025828133
517,587.4423429112084,590.6254030205923,590.6585860658198,3.183060109383973,0.033183045227473736
518,590.1327265337789,590.6585860658198,591.4581877066981,0.525859532040954,0.799601640878306
516,587.1821925877111,588.379110970669,592.0388608934347,1.196918382957847,3.659749922765777
519,591.3400479933106,591.4581877066981,593.8707392279597,0.11813971338756346,2.4125515212615656
521,591.5465300189962,593.8707392279597,593.9211113513664,2.3242092089634525,0.0503721234067467
522,592.510054981004,593.9211113513664,594.9289623788684,1.4110563703624166,1.0078510275019799
523,594.1872370958246,594.9289623788684,596.716111351221,0.7417252830438201,1.7871489723526608
520,591.4916848594021,592.0388608934347,597.2590186616412,0.5471760340326455,5.220157768206479
525,595.1203707265494,597.2590186616412,598.8780685146617,2.1386479350918535,1.6190498530204305
526,595.7032640237528,598.8780685146617,599.1393523156374,3.174804490908855,0.26128380097576265
527,595.7958329339141,599.1393523156374,599.9119694604271,3.343519381723354,0.7726171447896937
524,594.3713242807327,596.716111351221,601.2751645827653,2.344787070488337,4.55905323154437
529,597.797990782202,601.2751645827653,601.5067172242702,3.477173800563378,0.23155264150489685
530,598.1633528987496,601.5067172242702,602.3362261514645,3.3433643255206107,0.8295089271943289
528,597.7948369467136,599.9119694604271,603.8233601859898,2.1171325137135,3.911390725562723
531,598.6220452165642,602.3362261514645,604.6038801080811,3.714180934900355,2.267653956616518
533,602.9448289460894,604.6038801080811,604.6642494434459,1.6590511619916697,0.06036933536484405
532,602.5075708355148,603.8233601859898,605.6540823740152,1.315789350475029,1.8307221880253228
534,603.7811311099248,604.6642494434459,606.0517865579413,0.8831183335211108,1.3875371144954223
536,604.3567302860457,606.0517865579413,607.1647577506862,1.6950562718956235,1.1129711927448809
537,604.8106173878077,607.1647577506862,608.2309229004502,2.3541403628785247,1.0661651497639884
535,603.8589747401805,605.6540823740152,610.1095201671358,1.7951076338346184,4.455437793120559
538,605.3972062189465,608.2309229004502,613.0688418812206,2.833716681503688,4.837918980770421
540,605.7338643855949,613.0688418812206,613.6412934699206,7.334977495625708,0.5724515886999835
541,606.1321903162273,613.6412934699206,613.7006971172705,7.5091031536933315,0.05940364734983889
539,605.5220781889084,610.1095201671358,613.7441115553893,4.587441978227389,3.634591388253486
543,609.5240577936154,613.7441115553893,614.6629961633978,4.220053761773897,0.9188846080084964
542,609.4984620268443,613.7006971172705,615.119309944351,4.202235090426143,1.4186128270805909
544,610.5305330983086,614.6629961633978,615.3414872282609,4.132463065089155,0.6784910648630789
546,611.2585121869638,615.3414872282609,616.036195872333,4.082975041297118,0.6947086440721073
545,610.7057706275411,615.119309944351,617.8228100935269,4.413539316809874,2.7035001491758495
548,615.8069182223634,617.8228100935269,617.848139261348,2.0158918711634897,0.025329167821106825
549,616.3404496520957,617.848139261348,618.7956873490205,1.5076896092523384,0.9475480876724156
547,614.7264082976606,616.036195872333,620.0149295363456,1.3097875746724412,3.978733664012531
551,616.8306392012338,620.0149295363456,620.0479244419952,3.1842903351117684,0.03299490564963912
552,616.974104653651,620.0479244419952,622.2501520688566,3.073819788344167,2.202227626861343
550,616.3797576911201,618.7956873490205,622.8241546182581,2.415929657900392,4.028467269237671
553,617.7697476297269,622.2501520688566,625.8256373164173,4.480404439129643,3.575485247560812
554,620.8249859513786,622.8241546182581,626.3560520657312,1.999168666879541,3.5318974474730744
555,622.2308588630912,625.8256373164173,627.5870106590432,3.594778453326171,1.7613733426259497
557,623.1653753330015,627.5870106590432,628.5012055774707,4.421635326041724,0.9141949184275071
556,623.1483877530167,626.3560520657312,628.5694674091304,3.2076643127145417,2.213415343399261
558,623.2079445230656,628.5012055774707,628.7658835456876,5.293261054405093,0.26467796821692985
560,625.7285723500698,628.7658835456876,628.9993082934977,3.0373111956178036,0.23342474781013392
559,624.9318656228468,628.5694674091304,630.2646730865663,3.6376017862836534,1.69520567743582
561,629.8930480088941,629.8930480088941,630.7766689705628,0.0,0.8836209616687001
562,629.9041640568403,630.2646730865663,631.4725896217078,0.3605090297260176,1.2079165351414827
563,630.7817558779145,630.7817558779145,631.7096772682911,0.0,0.9279213903765794
564,631.1674552750022,631.4725896217078,632.8356712558277,0.3051343467055858,1.3630816341199274
565,632.805537480384,632.805537480384,634.3368770228418,0.0,1.5313395424577207
567,634.7557672408851,634.7557672408851,635.9596594108331,0.0,1.2038921699479244
566,634.5086934406465,634.5086934406465,637.9803084148874,0.0,3.47161497424084
568,634.7813488335474,635.9596594108331,638.8414799525086,1.1783105772856288,2.881820541675498
569,635.2805409527341,637.9803084148874,640.4500581895677,2.699767462153318,2.469749774680315
571,636.0749766528478,640.4500581895677,640.8364462557063,4.375081536719904,0.38638806613863264
570,635.6281872273265,638.8414799525086,641.2689715734604,3.2132927251821,2.4274916209516912
572,638.4060680391001,640.8364462557063,641.3667660139707,2.4303782166061865,0.5303197582644195
573,643.1060581325949,643.1060581325949,644.9039398156973,0.0,1.797881683102449
574,645.5987163059717,645.5987163059717,646.2129887891127,0.0,0.6142724831409675
575,646.161882539035,646.161882539035,647.6416664109539,0.0,1.4797838719189589
576,649.3261084752096,649.3261084752096,649.9182875023405,0.0,0.5921790271308625
577,650.0790759420782,650.0790759420782,650.118711325991,0.0,0.039635383912708155
579,653.8571917399408,653.8571917399408,654.1717480037601,0.0,0.31455626381926627
578,652.3934320234493,652.3934320234493,654.5597018525327,0.0,2.166269829083426
581,656.3902410895422,656.3902410895422,656.3998701209118,0.0,0.009629031369661362
580,655.3132764367076,655.3132764367076,656.604863902963,0.0,1.2915874662553881
582,656.7430214918334,656.7430214918334,657.691463969497,0.0,0.9484424776636364
583,657.6155545889831,657.6155545889831,660.5070426219064,0.0,2.891488032923342
584,659.2835595219897,659.2835595219897,660.5709152963069,0.0,1.2873557743172164
586,660.1493251496582,660.5709152963069,660.8753214788213,0.42159014664866845,0.30440618251440726
587,660.5436792007431,660.8753214788213,661.6113701394454,0.33164227807822044,0.7360486606240682
588,661.9299270263316,661.9299270263316,662.6552528156653,0.0,0.7253257893337143
589,662.2004195174823,662.6552528156653,662.924351829826,0.4548332981830754,0.2690990141606738
590,662.6583413452374,662.924351829826,663.8687456892644,0.2660104845886053,0.9443938594383426
585,659.8743890294752,660.5070426219064,663.9428033860116,0.6326535924312111,3.435760764105257
592,665.8779603239112,665.8779603239112,666.0730519490882,0.0,0.19509162517697556
591,664.5832259890653,664.5832259890653,668.8801950606678,0.0,4.296969071602408
593,666.0370115597723,666.0730519490882,668.9121115765635,0.036040389315871835,2.8390596274752515
594,666.5990854726451,668.8801950606678,670.5445415966979,2.281109588022673,1.6643465360300995
596,668.7437572074425,670.5445415966979,672.7887316233445,1.800784389255341,2.2441900266465598
595,667.5327662216629,668.9121115765635,672.8696418148907,1.379345354900579,3.9575302383272493
598,670.3350166266509,672.8696418148907,673.6375182386547,2.5346251882397155,0.7678764237640068
597,669.8513902823423,672.7887316233445,674.2899581326413,2.9373413410021385,1.501226509296914
600,670.8633701035395,674.2899581326413,674.9908992189258,3.426588029101822,0.7009410862845186
601,670.9313028557742,674.9908992189258,676.4000125284983,4.059596363151627,1.4091133095725414
599,670.7221833428836,673.6375182386547,677.8727311821701,2.9153348957711387,4.235212943515436
602,673.0136874828211,676.4000125284983,677.9994108991633,3.3863250456772676,1.5993983706649704
603,675.1384066797021,677.8727311821701,678.1466058255927,2.7343245024679845,0.2738746434225873
604,675.6176678311186,677.9994108991633,678.4365791281051,2.3817430680446705,0.4371682289418502
606,677.499584158626,678.4365791281051,679.5992396843519,0.9369949694790876,1.1626605562468217
605,675.9204455816575,678.1466058255927,679.6163739048302,2.226160243935169,1.4697680792374408
607,677.7054418003823,679.5992396843519,680.9548164104098,1.8937978839695688,1.3555767260578138
609,680.4862240059184,680.9548164104098,681.6291178515293,0.4685924044913463,0.6743014411195052
608,679.9941124911514,679.9941124911514,681.9388723768707,0.0,1.9447598857191957
611,684.6058105080492,684.6058105080492,684.7490452464593,0.0,0.1432347384100911
610,684.0403353674309,684.0403353674309,685.1001652010312,0.0,1.0598298336004135
612,687.3627722524748,687.3627722524748,688.3573024263158,0.0,0.9945301738409764
613,688.3017647845685,688.3017647845685,688.6259877431452,0.0,0.3242229585766498
615,691.2388907149672,691.2388907149672,692.5130135060089,0.0,1.2741227910417223
614,690.9742414359182,690.9742414359182,693.3943684691483,0.0,2.4201270332300777
616,691.2468909471237,692.5130135060089,694.1327034950345,1.2661225588851721,1.6196899890257037
618,691.4145773187157,694.1327034950345,697.2756776477122,2.718126176318833,3.1429741526776245
617,691.279880534738,693.3943684691483,698.4276701497184,2.114487934410249,5.0333016805701085
620,691.7787828953727,698.4276701497184,699.3921749085116,6.648887254345709,0.9645047587931949
621,692.4404739359425,699.3921749085116,701.696693671119,6.951700972569142,2.3045187626073678
622,692.9317939301956,701.696693671119,702.3898776460179,8.764899740923397,0.6931839748989138
619,691.7012333104401,697.2756776477122,702.4601818191527,5.574444337272098,5.184504171440548
623,693.1147344972782,702.3898776460179,702.8307398274898,9.275143148739744,0.4408621814719074
625,693.6471379026302,702.8307398274898,704.1175043038469,9.183601924859545,1.2867644763570765
624,693.6392360756495,702.4601818191527,704.178870336348,8.820945743503216,1.7186885171953292
627,694.1797506600684,704.178870336348,705.8501321028144,9.999119676279633,1.6712617664664127
626,693.7937413401003,704.1175043038469,706.2611089525168,10.323762963746617,2.1436046486699145
628,700.2052188793181,705.8501321028144,707.6557816551228,5.64491322349636,1.8056495523083596
630,703.3514374615991,707.6557816551228,707.8626698253564,4.304344193523775,0.20688817023363923
629,700.2410752668158,706.2611089525168,708.130380597802,6.020033685701037,1.8692716452851463
631,704.4407711099055,707.8626698253564,708.4606835181103,3.4218987154508795,0.5980136927538809
633,706.8817828295063,708.4606835181103,712.2150897010047,1.5789006886039942,3.754406182894404
634,707.4132188957458,712.2150897010047,712.706972170003,4.801870805258886,0.4918824689983236
632,706.4216500341939,708.130380597802,712.8233726267615,1.7087305636080146,4.692992028959547
636,709.8618553886428,712.8233726267615,713.3802307315573,2.961517238118745,0.5568581047957789
637,710.0732036729106,713.3802307315573,714.7914722371238,3.3070270586466677,1.4112415055665255
635,708.030408110934,712.706972170003,715.2725463286157,4.676564059069051,2.5655741586126544
639,711.7293094358422,715.2725463286157,715.7529134446381,3.543236892773507,0.4803671160224232
638,711.2792329175805,714.7914722371238,717.9589669961355,3.512239319543255,3.1674947590116846
640,717.1162039733819,717.1162039733819,718.0590903824548,0.0,0.9428864090729596
641,719.1659123901203,719.1659123901203,720.9015845737381,0.0,1.735672183617768
643,720.8347633349597,720.9015845737381,722.5956985702676,0.0668212387784024,1.6941139965295227
644,721.7006455693914,722.5956985702676,725.466256724434,0.8950530008761461,2.8705581541663525
642,720.6895427498253,720.6895427498253,726.4232697022699,0.0,5.73372695244457
645,722.1003642393006,725.466256724434,726.6560787451003,3.3658924851333722,1.1898220206664092
647,723.2709405976698,726.6560787451003,726.9416394734028,3.3851381474305526,0.28556072830246265
648,726.3530907689653,726.9416394734028,728.410369515782,0.5885487044374713,1.4687300423792315
646,722.1334743223238,726.4232697022699,729.3880884921797,4.289795379946099,2.964818789909826
650,728.896436145851,729.3880884921797,729.5889160436967,0.49165234632869215,0.200827551516996
651,729.8555053829782,729.8555053829782,731.4357868144224,0.0,1.5802814314441784
649,726.7312335115581,728.410369515782,733.0695257329718,1.679136004223892,4.659156217189792
653,731.7910914269032,733.0695257329718,734.5991302990856,1.2784343060685615,1.5296045661138316
652,731.2791991701122,731.4357868144224,737.5661117254967,0.156587644310207,6.130324911074317
655,733.1420123093121,737.5661117254967,740.158036060476,4.424099416184617,2.59192433497921
654,732.2528105866528,734.5991302990856,740.6644853753933,2.3463197124327735,6.0653550763077355
657,734.901025632861,740.6644853753933,741.3813640625609,5.763459742532291,0.7168786871676133
656,733.7334138364712,740.158036060476,742.8648880748116,6.424622224004793,2.706852014335575
658,736.602494647144,741.3813640625609,744.2010490677337,4.778869415416921,2.819685005172851
659,736.8212112404226,742.8648880748116,746.281887143556,6.043676834388975,3.4169990687443788
661,737.1722852906216,746.281887143556,746.5763883417898,9.109601852934361,0.2945011982337395
662,737.8094639458516,746.5763883417898,747.0768833077142,8.76692439593819,0.5004949659243787
660,737.0311135008171,744.2010490677337,747.6005211575391,7.1699355669165925,3.39947208980542
664,739.5700944143779,747.6005211575391,748.7784964197192,8.030426743161229,1.177975262180053
663,739.0224893630811,747.0768833077142,752.3759065287783,8.054393944633034,5.299023221064047
665,739.7280652657089,748.7784964197192,755.515098186201,9.050431154010312,6.736601766481802
667,743.0664182953899,755.515098186201,755.7385378464805,12.44867989081115,0.22343966027946532
666,740.8122235243715,752.3759065287783,756.5918075153745,11.563683004406812,4.2159009865962105
669,743.4546669947132,756.5918075153745,757.575145737506,13.137140520661319,0.9833382221314324
668,743.1720766007262,755.7385378464805,757.9809568663768,12.56646124575434,2.2424190198962886
671,747.1820986669424,757.9809568663768,762.5847109908103,10.798858199434449,4.603754124433538
672,747.5617240451975,762.5847109908103,763.368128205049,15.022986945612843,0.7834172142386434
673,747.831173137332,763.368128205049,764.5517169775148,15.536955067716917,1.1835887724658738
674,748.649309048314,764.5517169775148,764.5546050326205,15.902407929200876,0.0028880551057218146
670,743.7520506710098,757.575145737506,765.8112273634348,13.823095066496194,8.236081625928842
676,750.0961535929172,765.8112273634348,766.3477006043739,15.71507377051762,0.5364732409391513
677,750.1316079418459,766.3477006043739,767.1815112521867,16.216092662528013,0.8338106478128565
678,750.4108523922636,767.1815112521867,768.0845307317682,16.770658859923174,0.9030194795813927
675,749.2805221017783,764.5546050326205,769.0665802094719,15.274082930842269,4.511975176851319
680,751.9017116838794,769.0665802094719,770.081172831532,17.16486852559251,1.014592622060013
679,750.6667516254006,768.0845307317682,770.3676001864088,17.41777910636756,2.283069454640688
682,753.7585446387562,770.3676001864088,770.4519116995389,16.609055547652588,0.08431151313002612
681,752.0876361480385,770.081172831532,771.101903700898,17.993536683493403,1.020730869366103
683,753.968826676126,770.4519116995389,771.8033423392774,16.483085023412855,1.3514306397384996
684,758.0621351124117,771.101903700898,771.8495923840388,13.039768588486254,0.7476886831408374
685,758.806957974967,771.8033423392774,772.5827207422514,12.996384364310416,0.7793784029740293
687,761.6578057868048,772.5827207422514,773.8715348645533,10.924914955446525,1.288814122301913
686,759.9063484195199,771.8495923840388,775.0745336013782,11.943243964518956,3.2249412173393557
689,763.4946763962618,775.0745336013782,775.5678424339042,11.579857205116468,0.4933088325259085
688,762.5002461020863,773.8715348645533,776.348000926475,11.371288762466975,2.476466061921748
690,763.5320092761457,775.5678424339042,776.4767269963805,12.035833157758475,0.9088845624764029
691,765.3471208876972,776.348000926475,777.2533341208938,11.000880038777836,0.9053331944187717
693,768.5396192954975,777.2533341208938,778.2650259611883,8.713714825396323,1.011691840294517
692,767.5596715831375,776.4767269963805,778.6880484437085,8.91705541324302,2.2113214473279132
695,770.4516268080359,778.6880484437085,781.5196033821635,8.236421635672514,2.831554938455094
694,768.7703880509335,778.2650259611883,782.2431158278272,9.49463791025471,3.978089866638914
697,771.6573280683887,782.2431158278272,782.290359787582,10.585787759438517,0.04724395975483649
696,771.624293277174,781.5196033821635,783.0028786232239,9.895310104989449,1.4832752410604213
698,773.1429463597967,782.290359787582,783.5004258975755,9.147413427785295,1.2100661099935301
700,776.007447463648,783.5004258975755,783.8327263753066,7.492978433927533,0.3323004777310961
701,778.3032106677115,783.8327263753066,784.1638155707565,5.529515707595124,0.3310891954498361
699,773.7820792996694,783.0028786232239,786.6112946896184,9.220799323554502,3.608416066394482
702,778.5467367832416,784.1638155707565,786.7199539923087,5.617078787514856,2.5561384215522436
703,780.7832538387765,786.6112946896184,789.317845105069,5.82804085084183,2.706550415450558
704,781.0978613150953,786.7199539923087,789.4963656887124,5.622092677213345,2.7764116964037844
705,781.351752785787,789.317845105069,789.6772604461225,7.966092319281984,0.35941534105362505
707,783.0493937253259,789.6772604461225,792.8765384018249,6.627866720796646,3.19927795570229
708,784.1494701206456,792.8765384018249,794.0304429729151,8.7270682811793,1.153904571090279
706,782.4960517356031,789.4963656887124,794.3071615817371,7.000313953109298,4.810795893024673
709,784.1593920353954,794.0304429729151,795.1894794415218,9.871050937519726,1.159036468606744
710,784.9184497115477,794.3071615817371,797.4141650165018,9.388711870189354,3.1070034347646645
711,785.3124916137045,795.1894794415218,798.5042012802592,9.876987827817288,3.31472183873731
712,786.4818810523449,797.4141650165018,799.1901354467124,10.932283964156909,1.775970430210578
713,787.7169842719939,798.5042012802592,799.9477259129156,10.787217008265316,1.443524632656476
714,788.2373661111579,799.1901354467124,800.9466301787188,10.952769335554422,1.7564947320064261
715,788.5074687790275,799.9477259129156,803.2642572727244,11.440257133888167,3.316531359808826
716,790.2828311199266,800.9466301787188,804.1910924984041,10.663799058792165,3.2444623196853093
717,792.0494423084901,803.2642572727244,805.6826504185942,11.214814964234279,2.418393145869824
718,792.1199948893678,804.1910924984041,805.7153739180527,12.071097609036315,1.5242814196485124
720,793.5056514114156,805.7153739180527,806.3937123307164,12.20972250663715,0.6783384126636964
719,792.8944346989965,805.6826504185942,807.3045547127783,12.788215719597702,1.621904294184109
721,794.6867107173795,806.3937123307164,808.993964438188,11.707001613336956,2.600252107471548
723,796.0478421528021,808.993964438188,809.1188634172848,12.946122285385854,0.12489897909684859
722,794.8909154267185,807.3045547127783,809.6173380867581,12.413639286059833,2.3127833739797143
725,797.1126970202449,809.6173380867581,809.7057146441471,12.504641066513159,0.08837655738896294
726,797.2526685717545,809.7057146441471,811.5579313482963,12.453046072392567,1.852216704149222
724,796.0769801917977,809.1188634172848,813.5495876205079,13.04188322548714,4.430724203223004
727,799.1461548881716,811.5579313482963,814.0621941953797,12.411776460124656,2.5042628470834027
728,800.2908444948534,813.5495876205079,814.1059545114337,13.258743125654405,0.5563668909257666
730,803.2420472679952,814.1059545114337,815.3470082821361,10.863907243438462,1.241053770702497
729,801.0454760653088,814.0621941953797,815.5267565736368,13.016718130070899,1.4645623782570931
732,804.8710285892336,815.5267565736368,815.5568501697564,10.655727984403256,0.03009359611967792
733,805.6315355550212,815.5568501697564,817.7239116542833,9.92531461473527,2.1670614845268195
734,806.1548085750179,817.7239116542833,817.8478861971453,11.569103079265346,0.12397454286204083
735,806.8178753096803,817.8478861971453,818.8775407381227,11.030010887464982,1.0296545409773739
736,807.5066284570808,818.8775407381227,819.0724769655816,11.37091228104191,0.19493622745888803
737,807.8086655262379,819.0724769655816,819.9091148414631,11.263811439343726,0.8366378758814284
738,808.4216111244907,819.9091148414631,823.119269062815,11.487503716972356,3.2101542213519485
731,804.2464482280959,815.3470082821361,824.4487098462799,11.100560054040216,9.101701564143797
739,813.5358086754846,823.119269062815,824.5370393981239,9.58346038733032,1.4177703353088482
740,814.2090049324491,824.4487098462799,825.1878047624737,10.239704913830792,0.7390949161936967
742,816.2064457555795,825.1878047624737,825.3421351487577,8.981359006894195,0.15433038628411205
741,814.2604304110438,824.5370393981239,827.1934336240264,10.276608987080067,2.6563942259025874
743,817.0799166919667,825.3421351487577,828.8742709040978,8.26221845679106,3.532135755340102
744,817.3173792240119,827.1934336240264,830.9475441868742,9.876054400014482,3.7541105628477696
746,819.3561750372728,830.9475441868742,831.14437493076,11.591369149601405,0.19683074388576177
745,818.1184137950435,828.8742709040978,831.1848664029119,10.755857109054318,2.310595498814104
748,820.4338282040347,831.1848664029119,831.5359770046485,10.751038198877154,0.35111060173660896
747,820.2844860740524,831.14437493076,831.9072276115087,10.859888856707585,0.7628526807487075
750,823.9072095453947,831.9072276115087,832.0662689713357,8.000018066113967,0.15904135982706094
749,822.2451256471295,831.5359770046485,832.6786899284765,9.290851357519045,1.1427129238279283
752,826.7773861670621,832.6786899284765,832.8379846231911,5.901303761414397,0.15929469471463137
753,827.1605323856814,832.8379846231911,834.2657139004882,5.677452237509669,1.4277292772970613
754,828.0751025898999,834.2657139004882,834.6561134907546,6.190611310588338,0.39039959026641363
751,824.6302831000655,832.0662689713357,837.5438700627775,7.435985871270191,5.477601091441752
755,829.5459526083523,834.6561134907546,838.788535037305,5.110160882402283,4.132421546550399
756,829.6103981519407,837.5438700627775,839.0255265477941,7.933471910836829,1.4816564850166556
757,831.4924133479782,838.788535037305,839.1474836916356,7.29612168932681,0.3589486543306171
758,831.5821559159062,839.0255265477941,839.6037226440001,7.443370631887888,0.5781960962059046
759,833.4034292369089,839.1474836916356,840.0563028980949,5.744054454726665,0.9088192064593507
760,833.4102877338931,839.6037226440001,840.1347959778897,6.19343491010693,0.5310733338895601
762,834.1241574046276,840.1347959778897,840.3854937887473,6.010638573262099,0.25069781085765735
761,833.6077709767193,840.0563028980949,842.2075745728349,6.448531921375661,2.151271674739951
764,840.7395979881784,842.2075745728349,844.7485136365867,1.467976584656526,2.5409390637517526
763,839.5863678895839,840.3854937887473,845.7702064392047,0.799125899163414,5.38471265045732
765,842.490180196968,844.7485136365867,847.6893647939952,2.2583334396186956,2.940851157408451
766,846.942932397323,846.942932397323,847.8903002776208,0.0,0.9473678802977996
767,848.1699624425362,848.1699624425362,848.8597702297704,0.0,0.6898077872342058
769,849.704685375062,849.704685375062,850.0773209486522,0.0,0.3726355735901871
770,850.5000596357637,850.5000596357637,851.6475791484537,0.0,1.1475195126899977
768,849.3881273013614,849.3881273013614,851.8543536809492,0.0,2.466226379587892
771,851.761639953436,851.761639953436,852.1733279675005,0.0,0.41168801406453415
773,854.9006243132355,854.9006243132355,855.8129284335788,0.0,0.912304120343224
774,854.9064119315774,855.8129284335788,856.3770144064856,0.9065165020014092,0.5640859729068486
772,854.8938549125122,854.8938549125122,856.423942997936,0.0,1.5300880854238166
775,855.1433203403293,856.3770144064856,856.4512084212254,1.2336940661563176,0.07419401473971532
777,856.37607333276,856.4512084212254,858.9137391944205,0.07513508846534478,2.4625307731951205
778,856.5808424632595,858.9137391944205,859.8250250265496,2.332896731160986,0.9112858321290791
776,855.4801543056391,856.423942997936,859.9657861412259,0.9437886922969483,3.541843143289868
780,858.8879387549526,859.9657861412259,860.1944286475355,1.0778473862732199,0.22864250630960456
781,858.8975425911281,860.1944286475355,861.1675490865414,1.296886056407402,0.9731204390059084
782,859.3651685957947,861.1675490865414,861.9904024085665,1.8023804907467138,0.8228533220251188
783,862.6354105451401,862.6354105451401,863.9764336819234,0.0,1.3410231367833123
784,863.098948195761,863.9764336819234,865.9707684497173,0.8774854861624135,1.9943347677939012
785,864.721972805211,865.9707684497173,867.2696649042214,1.2487956445063446,1.298896454504126
786,864.7930746617652,867.2696649042214,867.3040540332662,2.4765902424561546,0.03438912904479774
779,858.7652024348238,859.8250250265496,867.874261083759,1.0598225917258333,8.049236057209413
787,865.7910474286425,867.3040540332662,868.6745897998699,1.5130066046236834,1.3705357666036326
788,866.8814969772749,867.874261083759,868.821270189307,0.9927641064841737,0.9470091055479524
789,867.4533434854295,868.6745897998699,868.8900792413142,1.22124631444035,0.2154894414442836
791,868.5893049382374,868.8900792413142,869.1560434139612,0.3007743030767642,0.2659641726470096
792,868.6706775245086,869.1560434139612,871.638274788167,0.4853658894526234,2.4822313742057127
790,868.558067875884,868.821270189307,872.5674093216055,0.26320231342299394,3.7461391322985067
794,873.0619738575909,873.0619738575909,873.1883917671701,0.0,0.12641790957910587
793,870.9405060427724,871.638274788167,873.8252672057765,0.6977687453945691,2.186992417609579
796,874.7020112791582,874.7020112791582,875.1543242462691,0.0,0.45231296711081964
795,874.1531993129468,874.1531993129468,878.1570552046682,0.0,4.0038558917214
798,876.6511729883771,878.1570552046682,881.3380941229078,1.50588221629107,3.1810389182396204
797,876.2139348261153,876.2139348261153,881.8255040361686,0.0,5.611569210053325
800,880.5783790193253,881.8255040361686,882.2331611267516,1.2471250168432562,0.40765709058307575
801,880.5972786694974,882.2331611267516,883.0534242286675,1.6358824572541835,0.8202631019158644
799,878.7569201075319,881.3380941229078,883.3788899185673,2.58117401537595,2.0407957956595175
803,882.909794471299,883.3788899185673,883.8691603676392,0.46909544726827335,0.49027044907188333
804,884.0407509180457,884.0407509180457,885.9598396797014,0.0,1.9190887616557852
802,882.5931180076084,883.0534242286675,886.8873579387767,0.46030622105911334,3.833933710109223
805,885.9033457775957,885.9598396797014,886.948284354213,0.05649390210567162,0.9884446745115939
806,886.0639402570918,886.8873579387767,888.2591278586034,0.8234176816849867,1.371769919826626
807,888.3196307189689,888.3196307189689,888.6299770656874,0.0,0.31034634671846045
809,890.8652041841041,890.8652041841041,891.5331932661288,0.0,0.6679890820246946
810,890.9905664753114,891.5331932661288,891.5441367382505,0.5426267908173941,0.010943472121681997
808,889.8963958234449,889.8963958234449,892.1322099618606,0.0,2.235814138415682
812,894.6485351102298,894.6485351102298,895.8864395556324,0.0,1.2379044454026076
811,891.9316238001917,891.9316238001917,901.6262106162975,0.0,9.694586816105774
813,896.5673395907135,896.5673395907135,901.7063241159495,0.0,5.1389845252360775
815,897.0594400373187,901.7063241159495,901.8337928108248,4.646884078630819,0.12746869487517962
816,897.5587769516443,901.8337928108248,901.9959167687674,4.275015859180485,0.16212395794263657
817,898.4001339135392,901.9959167687674,903.0709078397182,3.595782855228208,1.0749910709507637
814,896.7986283046753,901.6262106162975,903.1887150622467,4.827582311622223,1.562504445949197
818,899.6267947626841,903.0709078397182,904.6738582497171,3.4441130770341033,1.602950409998939
819,899.7634965518627,903.1887150622467,906.0058604009041,3.42521851038407,2.8171453386573826
821,900.9334390585665,906.0058604009041,906.2079548076994,5.072421342337634,0.20209440679520538
820,900.8264263046732,904.6738582497171,908.4441121186444,3.8474319450439225,3.770253868927274
823,901.2350391876274,908.4441121186444,909.9197755369236,7.209072931016976,1.4756634182791806
822,901.1876993068985,906.2079548076994,910.2253091157338,5.020255500800886,4.017354308034474
825,901.366504250097,910.2253091157338,911.5666207581442,8.858804865636785,1.3413116424103573
824,901.2616726419949,909.9197755369236,912.8207707471121,8.658102894928675,2.9009952101885155
826,901.3916159368407,911.5666207581442,913.2114370323311,10.175004821303446,1.644816274186959
828,903.861213940788,913.2114370323311,914.5815712157424,9.350223091543057,1.370134183411337
827,902.2407623113339,912.8207707471121,915.6461373788638,10.580008435778154,2.825366631751749
830,905.895853924605,915.6461373788638,915.840307364149,9.750283454258806,0.19416998528510415
829,905.7734919915712,914.5815712157424,915.9047105846744,8.808079224171252,1.3231393689319504
832,910.712282125868,915.9047105846744,916.1561540343548,5.192428458806376,0.2514434496804843
831,906.0239867765426,915.840307364149,918.2778954428857,9.816320587606356,2.4375880787367237
833,911.0347358572303,916.1561540343548,919.858993397174,5.121418177124497,3.7028393628191694
834,912.2838143541564,918.2778954428857,921.1765491277557,5.994081088729217,2.898653684870008
835,915.2272098369331,919.858993397174,921.201666338379,4.631783560240933,1.3426729412049807
837,916.5828594013338,921.201666338379,924.5074122526972,4.6188069370451785,3.305745914318161
838,917.6487142268718,924.5074122526972,924.7102051241185,6.858698025825447,0.20279287142121669
836,915.948848087579,921.1765491277557,925.4407469931425,5.227701040176726,4.264197865386796
839,918.8661002107539,924.7102051241185,926.34070801038,5.8441049133646175,1.6305028862615356
840,922.518423335905,925.4407469931425,927.8642639220017,2.9223236572374844,2.423516928859211
841,922.5685152939727,926.34070801038,929.0881918068603,3.7721927164072895,2.7474837964803536
843,924.6176811059338,929.0881918068603,929.9000352595211,4.470510700926525,0.8118434526608503
842,923.2823253938569,927.8642639220017,930.6075947961058,4.581938528144747,2.743330874104072
845,925.7486535058601,930.6075947961058,931.209787485598,4.858941290245639,0.6021926894922036
844,924.7034979953609,929.9000352595211,932.0698478516357,5.19653726416027,2.169812592114538
846,925.8652498144057,931.209787485598,932.7808205762345,5.344537671192256,1.5710330906365229
848,930.0232853292454,932.7808205762345,935.1244117860348,2.757535246989164,2.34359120980028
849,930.4533180686317,935.1244117860348,935.8915981675525,4.671093717403096,0.767186381517686
847,927.6429326972319,932.0698478516357,936.2903720770116,4.426915154403787,4.220524225375908
851,931.783532091491,936.2903720770116,937.8570443697545,4.506839985520628,1.5666722927428012
850,930.5436848977291,935.8915981675525,938.2508094274062,5.34791326982338,2.3592112598536823
853,935.6179719932546,938.2508094274062,938.4021369888065,2.632837434151611,0.15132756140027454
854,936.4606680804795,938.4021369888065,939.1655780054423,1.9414689083270105,0.76344101663575
855,937.3291534282947,939.1655780054423,940.5562906171187,1.836424577147568,1.3907126116764605
852,935.2759366469961,937.8570443697545,940.9477759680615,2.581107722758361,3.0907315983070474
856,938.5993677573348,940.5562906171187,943.1369347287026,1.9569228597839583,2.5806441115838266
858,939.5818618968672,943.1369347287026,943.9931012054952,3.555072831835446,0.8561664767925729
859,940.2580107946117,943.9931012054952,944.3537642289175,3.735090410883572,0.36066302342228873
857,939.5268112258716,940.9477759680615,945.485650492698,1.4209647421898808,4.537874524636565
860,941.7098103030975,944.3537642289175,945.9902812185583,2.6439539258200284,1.6365169896407132
862,945.0553409238128,945.9902812185583,947.4943150907578,0.9349402947455019,1.5040338721995123
863,945.292338986003,947.4943150907578,947.7892714830969,2.2019761047548627,0.2949563923390514
861,942.5643410885964,945.485650492698,949.6491232154146,2.9213094041016348,4.1634727227165635
865,948.8577051203829,949.6491232154146,950.6729997475703,0.7914180950317586,1.0238765321556995
864,948.0510554061992,948.0510554061992,953.088286117816,0.0,5.037230711616781
866,949.7956226727636,950.6729997475703,953.9949359799155,0.8773770748067591,3.32193623234511
867,952.3847502014443,953.088286117816,954.0988383096657,0.7035359163717203,1.0105521918497267
868,953.9995169225938,953.9995169225938,957.109581856178,0.0,3.1100649335842387
870,959.3404822784454,959.3404822784454,959.5720699104785,0.0,0.2315876320330558
871,962.0917621020405,962.0917621020405,962.4648805166796,0.0,0.37311841463902645
869,959.2353040834915,959.2353040834915,963.2377537776085,0.0,4.002449694116999
872,965.9930408130675,965.9930408130675,966.2334968064711,0.0,0.24045599340357487
874,968.3000914662962,968.3000914662962,971.6461727587139,0.0,3.346081292417644
873,966.134639120116,966.134639120116,978.5909702745709,0.0,12.456331154454812
875,968.8727158633169,971.6461727587139,979.6354434609407,2.7734568953969756,7.98927070222679
877,969.438363967744,979.6354434609407,980.0990254205051,10.197079493196725,0.46358195956437726
876,968.9376379508637,978.5909702745709,980.6944756226787,9.653332323707104,2.103505348107868
878,970.556927242652,980.0990254205051,981.1937643692484,9.542098177853063,1.0947389487432972
879,970.7366841352148,980.6944756226787,981.3021225895006,9.957791487463965,0.6076469668218669
881,971.5422047738101,981.3021225895006,985.6229431190513,9.759917815690528,4.320820529550711
882,973.7356029383296,985.6229431190513,986.2244402656802,11.887340180721708,0.6014971466288297
883,974.596635902168,986.2244402656802,986.3857214092774,11.627804363512155,0.1612811435972063
880,971.5091338474598,981.1937643692484,987.2662425616855,9.684630521788563,6.072478192437176
885,976.3623353605208,987.2662425616855,987.7165265848895,10.90390720116477,0.4502840232039065
886,976.9133086895268,987.7165265848895,988.3188471749589,10.80321789536265,0.6023205900694699
887,977.7554556728008,988.3188471749589,988.6558798853443,10.563391502158083,0.33703271038541077
884,975.2698658829012,986.3857214092774,988.7418259564931,11.115855526376208,2.3561045472157267
888,980.689220776042,988.6558798853443,989.0522244242424,7.966659109302327,0.39634453889797905
890,985.7309090403384,989.0522244242424,990.1193441262847,3.3213153839039933,1.067119702042322
889,981.149954671955,988.7418259564931,991.6329813705246,7.591871284538115,2.8911554140314086
891,987.660626561701,990.1193441262847,992.7616913520969,2.458717564583708,2.642347225812295
893,990.4809865142921,992.7616913520969,993.5264970812171,2.2807048378048194,0.764805729120253
894,990.8203641895075,993.5264970812171,994.9651902254975,2.7061328917096716,1.4386931442803628
892,989.0174525508187,991.6329813705246,996.5901877482625,2.615528819705901,4.957206377737837
896,996.091197559981,996.5901877482625,996.7277629073938,0.498990188281482,0.1375751591313233
895,995.0364770686492,995.0364770686492,996.7507982312358,0.0,1.7143211625865116
897,996.1073625719508,996.7277629073938,997.4755317638494,0.6204003354429233,0.7477688564556255
899,998.3254694747193,998.3254694747193,1001.5501466391445,0.0,3.2246771644251644
900,1000.9153487907578,1001.5501466391445,1002.2287513719444,0.6347978483867109,0.6786047327999556
898,997.7972653130903,997.7972653130903,1002.2960699108127,0.0,4.498804597722322
902,1001.5944463002871,1002.2960699108127,1002.3634360209877,0.7016236105255302,0.0673661101750747
903,1001.7441116630243,1002.3634360209877,1003.5908746468821,0.6193243579633645,1.227438625894412
904,1003.0707345879891,1003.5908746468821,1003.6704039727653,0.5201400588929346,0.07952932588323779
901,1000.9925118131208,1002.2287513719444,1006.9272380628774,1.2362395588236268,4.6984866909330645
905,1003.998745614211,1003.998745614211,1006.948745236671,0.0,2.9499996224599867
907,1005.6045696280033,1006.948745236671,1007.0188675810826,1.3441756086676833,0.07012234441164117
908,1006.0927305257104,1007.0188675810826,1007.865290952726,0.9261370553722372,0.8464233716433258
906,1004.7700171079182,1006.9272380628774,1009.5071021786885,2.157220954959257,2.5798641158110116
910,1010.2622324328471,1010.2622324328471,1010.6753327179551,0.0,0.4131002851079967
909,1008.1522929235931,1008.1522929235931,1010.9358902990616,0.0,2.783597375468512
911,1012.1160234191091,1012.1160234191091,1012.7948522370357,0.0,0.6788288179265651
912,1012.903511960041,1012.903511960041,1015.6272241058174,0.0,2.7237121457764455
913,1015.7974477962277,1015.7974477962277,1016.3122521146804,0.0,0.5148043184526263
915,1017.700298987748,1017.700298987748,1017.7117397373389,0.0,0.011440749590826993
914,1016.414020028268,1016.414020028268,1020.0484476230957,0.0,3.6344275948277143
917,1018.6064004461685,1020.0484476230957,1020.4517924966215,1.4420471769271899,0.4033448735256931
916,1018.3966901220803,1018.3966901220803,1020.7529948539086,0.0,2.3563047318283834
919,1019.1462393953854,1020.7529948539086,1022.944212974784,1.6067554585232529,2.191218120875418
920,1019.2091233586933,1022.944212974784,1023.8125162717237,3.735089616090704,0.8683032969396994
921,1019.8470102795428,1023.8125162717237,1024.7047063313526,3.9655059921808515,0.8921900596289634
922,1019.9054006572028,1024.7047063313526,1024.8578252983505,4.799305674149764,0.15311896699790903
923,1020.6826623651194,1024.8578252983505,1024.88214610593,4.175162933231036,0.024320807579496864
924,1021.9446678340562,1024.88214610593,1026.4291320439588,2.937478271873715,1.5469859380289508
925,1021.990752019285,1026.4291320439588,1026.7764156712244,4.438380024673847,0.3472836272654907
918,1018.7224789126286,1020.4517924966215,1027.0660773476563,1.7293135839928482,6.614284851034879
926,1023.1661137662126,1026.7764156712244,1027.633963858942,3.610301905011852,0.8575481877177004
928,1023.7080496797145,1027.633963858942,1029.2481181814678,3.9259141792275614,1.614154322525776
929,1023.7628009703317,1029.2481181814678,1029.4170571822583,5.485317211136135,0.1689390007904373
930,1023.8889183148758,1029.4170571822583,1031.3777555101744,5.528138867382495,1.9606983279162469
927,1023.3692816157687,1027.0660773476563,1031.417624138222,3.696795731887619,4.351546790565538
931,1024.7644102160336,1031.3777555101744,1034.6636319242982,6.6133452941407995,3.2858764141238517
933,1027.1477375973807,1034.6636319242982,1035.4889806608178,7.5158943269175325,0.8253487365195556
934,1027.3341109897988,1035.4889806608178,1035.9404070918051,8.154869671019014,0.4514264309872381
932,1025.833582263071,1031.417624138222,1036.284847864849,5.584041875150888,4.867223726627115
935,1030.0824257744423,1035.9404070918051,1036.9943304520018,5.857981317362828,1.053923360196682
936,1030.2788049393216,1036.284847864849,1037.0217889190592,6.006042925527481,0.7369410542100854
937,1031.1276114089067,1036.9943304520018,1037.4870011615064,5.866719043095145,0.49267070950468905
939,1032.1743252295134,1037.4870011615064,1038.227516436939,5.312675931992999,0.740515275432545
940,1039.5503811756948,1039.5503811756948,1041.756745763209,0.0,2.2063645875140825
941,1040.396964336313,1041.756745763209,1042.4259784576923,1.3597814268960065,0.6692326944833513
942,1041.571214694579,1042.4259784576923,1042.5588493543423,0.8547637631131693,0.13287089665004112
938,1031.295383782195,1037.0217889190592,1043.6637778156323,5.726405136864287,6.641988896573209
943,1047.3358304726598,1047.3358304726598,1047.5253403479971,0.0,0.1895098753372786
944,1047.6875226645482,1047.6875226645482,1051.462588007273,0.0,3.775065342724912
945,1048.4439411388887,1048.4439411388887,1052.0651016543798,0.0,3.621160515491119
946,1053.090884794141,1053.090884794141,1054.7927187765458,0.0,1.7018339824047644
947,1054.1853011033802,1054.1853011033802,1057.3611492898303,0.0,3.175848186450073
948,1054.2154782228765,1054.7927187765458,1057.7886384279939,0.5772405536692986,2.9959196514479847
949,1054.3695027842066,1057.3611492898303,1058.3952874881438,2.9916465056237485,1.034138198313373
951,1056.4517883139026,1058.3952874881438,1059.5729506119312,1.9434991742411967,1.1776631237873154
952,1056.4957021173993,1059.5729506119312,1059.9589803618064,3.0772484945318865,0.38602974987510136
953,1057.7285345226367,1059.9589803618064,1060.0186825855963,2.230445839169761,0.0597022237898144
950,1054.9445296711167,1057.7886384279939,1060.532866329246,2.8441087568771763,2.744227901252029
955,1060.2422889262145,1060.532866329246,1061.1258068950733,0.29057740303142054,0.5929405658274088
956,1061.865558406359,1061.865558406359,1063.3929500524216,0.0,1.5273916460626353
957,1063.6067873878426,1063.6067873878426,1064.2884256910456,0.0,0.6816383032029478
958,1064.3849065503293,1064.3849065503293,1064.4441838233597,0.0,0.05927727303039596
954,1058.673563031603,1060.0186825855963,1065.4031239069586,1.3451195539932996,5.3844413213623366
959,1066.4141558170218,1066.4141558170218,1066.5728165939227,0.0,0.1586607769009926
960,1067.1180608587524,1067.1180608587524,1067.244459579771,0.0,0.12639872101872027
961,1067.8017477812487,1067.8017477812487,1068.7733647390996,0.0,0.971616957851065
962,1071.3831334794695,1071.3831334794695,1072.277843218269,0.0,0.8947097387996206
963,1071.9614162699902,1071.9614162699902,1076.5435217204986,0.0,4.582105450508269
964,1072.112150350326,1072.277843218269,1077.7109715198385,0.16569286794310756,5.43312830156936
966,1074.6295785277455,1077.7109715198385,1078.2259024967288,3.081392992093015,0.5149309768904369
967,1074.695019184658,1078.2259024967288,1078.4009721186549,3.530883312070955,0.17506962192601092
965,1072.5204610113183,1076.5435217204986,1078.8342976755487,4.0230607091802995,2.2907759550501283
969,1075.4471820744573,1078.8342976755487,1081.0129140277932,3.387115601091409,2.1786163522444153
968,1075.3856122756513,1078.4009721186549,1081.9160869644882,3.01535984300358,3.515114845833239
970,1077.4242458689075,1081.0129140277932,1082.63823355495,3.588668158885639,1.62531952715686
972,1079.7872275446243,1082.63823355495,1082.9563153066929,2.851006010325591,0.31808175174290587
971,1079.7794466142425,1081.9160869644882,1083.357636472476,2.1366403502456706,1.441549507987975
973,1079.860033739738,1082.9563153066929,1083.4240202372252,3.0962815669549855,0.4677049305324058
975,1082.4914895041006,1083.4240202372252,1084.0892957250492,0.9325307331246222,0.6652754878239493
974,1082.2962841881854,1083.357636472476,1085.5107001132678,1.061352284290706,2.1530636407917694
977,1083.41431177506,1085.5107001132678,1086.5299055479875,2.0963883382078166,1.0192054347197481
978,1083.9968793803273,1086.5299055479875,1086.8410273520205,2.533026167660182,0.3111218040330347
979,1084.0683542953532,1086.8410273520205,1088.6589293372447,2.7726730566673723,1.8179019852241198
980,1084.2328458523016,1088.6589293372447,1088.7025334210878,4.426083484943092,0.043604083842982214
976,1083.0023865793275,1084.0892957250492,1089.54662064174,1.08690914572162,5.457324916690809
982,1087.603580618115,1089.54662064174,1090.3246113283888,1.943040023624917,0.7779906866487144
981,1086.7188361355925,1088.7025334210878,1093.5704332893924,1.983697285495282,4.867899868304575
984,1091.6377038451394,1093.5704332893924,1094.3937625243188,1.9327294442530274,0.8233292349264238
983,1090.7898012913843,1090.7898012913843,1095.870408204604,0.0,5.080606913219771
985,1092.1719334908826,1094.3937625243188,1096.1907569968357,2.221829033436279,1.7969944725169027
986,1092.2101662317132,1095.870408204604,1096.9156356258006,3.6602419728908444,1.045227421196656
987,1092.2685413011734,1096.1907569968357,1097.3178577513997,3.9222156956623166,1.1271007545639338
989,1095.2724943316189,1097.3178577513997,1097.3768118310381,2.0453634197808697,0.058954079638342136
990,1096.9375346543388,1097.3768118310381,1097.4139157975965,0.43927717669930644,0.03710396655840884
991,1097.6089783493094,1097.6089783493094,1097.7021700682924,0.0,0.09319171898295632
988,1094.9167665004547,1096.9156356258006,1097.7457101321995,1.998869125345891,0.8300745063988043
992,1100.8570592065503,1100.8570592065503,1101.246915275667,0.0,0.3898560691169022
994,1102.0953465805335,1102.0953465805335,1102.4063261770277,0.0,0.31097959649417356
995,1102.2734630185919,1102.4063261770277,1107.472573865079,0.13286315843583907,5.066247688051356
993,1102.0275771844326,1102.0275771844326,1108.564850205571,0.0,6.5372730211383
996,1105.6137873116534,1107.472573865079,1108.8033313799367,1.8587865534257162,1.3307575148577304
998,1107.2180686468491,1108.8033313799367,1109.7583096970543,1.5852627330875748,0.9549783171175252
997,1107.210739424718,1108.564850205571,1111.1291942496757,1.3541107808530342,2.564344044104703
1000,1111.7963786315381,1111.7963786315381,1111.8487885410016,0.0,0.05240990946348478
999,1111.4455077892264,1111.4455077892264,1111.9491657324875,0.0,0.5036579432609455
